filename, row_num, aid, status, num_context_saved, message
Broad Institute_jnegri_V2.xlsx, 2, 2098, fail, 0, aid found in cell not a number or not in must load list, 
Broad Institute_jnegri_V2.xlsx, 5, 2118, fail, 0, aid found in cell not a number or not in must load list, 
Broad Institute_jnegri_V2.xlsx, 7, 2382, fail, 0, aid found in cell not a number or not in must load list, 
Broad Institute_jnegri_V2.xlsx, 10, 2563, fail, 0, aid found in cell not a number or not in must load list, 
Broad Institute_jnegri_V2.xlsx, 13, 2618, fail, 0, aid found in cell not a number or not in must load list, 
Broad Institute_jnegri_V2.xlsx, 14, 435004, fail, 0, aid found in cell not a number or not in must load list, 
Broad Institute_jnegri_V2.xlsx, 17, 488788, fail, 0, aid found in cell not a number or not in must load list, 
Broad Institute_jnegri_V2.xlsx, 20, 488789, fail, 0, aid found in cell not a number or not in must load list, 
Broad Institute_jnegri_V2.xlsx, 23, 488815, fail, 0, aid found in cell not a number or not in must load list, 
Broad Institute_jnegri_V2.xlsx, 26, 488896, success, 12, successfully loaded assay context, 
Broad Institute_jnegri_V2.xlsx, 28, 488952, success, 0, successfully loaded assay context, 
Broad Institute_jnegri_V2.xlsx, 30, 493224, fail, 0, aid found in cell not a number or not in must load list, 
Broad Institute_jnegri_V2.xlsx, 32, 504397, fail, 0, aid found in cell not a number or not in must load list, 
Broad Institute_jnegri_V2.xlsx, 35, 504408, fail, 0, aid found in cell not a number or not in must load list, 
Broad Institute_jnegri_V2.xlsx, 38, 588827, fail, 0, aid found in cell not a number or not in must load list, 
Broad Institute_jnegri_V2.xlsx, 40, 588847, fail, 0, aid found in cell not a number or not in must load list, 
Broad Institute_jnegri_V2.xlsx, 43, 588848, fail, 0, aid found in cell not a number or not in must load list, 
Broad Institute_jnegri_V2.xlsx, 45, 588849, fail, 0, aid found in cell not a number or not in must load list, 
Broad Institute_jnegri_V2.xlsx, 47, 588851, fail, 0, aid found in cell not a number or not in must load list, 
Broad Institute_jnegri_V2.xlsx, 49, 602266, fail, 0, aid found in cell not a number or not in must load list, 
Broad Institute_jnegri_V2.xlsx, 51, 602268, fail, 0, aid found in cell not a number or not in must load list, 
Broad Institute_jnegri_V2.xlsx, 54, 602269, fail, 0, aid found in cell not a number or not in must load list, 
Broad Institute_jnegri_V2.xlsx, 56, 602273, fail, 0, aid found in cell not a number or not in must load list, 
Broad Institute_jnegri_V2.xlsx, 58, 602279, fail, 0, aid found in cell not a number or not in must load list, 
Broad Institute_jnegri_V2.xlsx, 60, 602280, fail, 0, aid found in cell not a number or not in must load list, 
Broad Institute_jnegri_V2.xlsx, 62, 602296, fail, 0, aid found in cell not a number or not in must load list, 
Broad Institute_jnegri_V2.xlsx, 65, 493225, fail, 0, aid found in cell not a number or not in must load list, 
Broad Institute_jnegri_V2.xlsx, 66, 493226, fail, 0, aid found in cell not a number or not in must load list, 
Broad Institute_jnegri_V2.xlsx, 67, 493227, fail, 0, aid found in cell not a number or not in must load list, 
Broad Institute_jnegri_V2.xlsx, 68, 493228, fail, 0, aid found in cell not a number or not in must load list, 
Broad Institute_jnegri_V2.xlsx, 69, 493230, fail, 0, aid found in cell not a number or not in must load list, 
Broad Institute_jnegri_V2.xlsx, 70, 493231, fail, 0, aid found in cell not a number or not in must load list, 
Broad InstituteFaloon-rev10-09.xlsx, 2, 2629, fail, 0, aid found in cell not a number or not in must load list, 
Broad InstituteFaloon-rev10-09.xlsx, 4, 2659, fail, 0, aid found in cell not a number or not in must load list, 
Broad InstituteFaloon-rev10-09.xlsx, 5, 435023, fail, 0, aid found in cell not a number or not in must load list, 
Broad InstituteFaloon-rev10-09.xlsx, 7, 588510, fail, 0, aid found in cell not a number or not in must load list, 
Broad InstituteFaloon-rev10-09.xlsx, 9, 435005, fail, 0, aid found in cell not a number or not in must load list, 
Broad InstituteFaloon-rev10-09.xlsx, 10, 435007, fail, 0, aid found in cell not a number or not in must load list, 
Broad InstituteFaloon-rev10-09.xlsx, 11, 449756, fail, 0, aid found in cell not a number or not in must load list, 
Broad InstituteFaloon-rev10-09.xlsx, 12, 463206, fail, 0, aid found in cell not a number or not in must load list, 
Broad InstituteFaloon-rev10-09.xlsx, 13, 463229, fail, 0, aid found in cell not a number or not in must load list, 
Broad InstituteFaloon-rev10-09.xlsx, 14, 488844, fail, 0, aid found in cell not a number or not in must load list, 
Broad InstituteFaloon-rev10-09.xlsx, 15, 488848, fail, 0, aid found in cell not a number or not in must load list, 
Broad InstituteFaloon-rev10-09.xlsx, 16, 488864, fail, 0, aid found in cell not a number or not in must load list, 
Broad InstituteFaloon-rev10-09.xlsx, 17, 488866, fail, 0, aid found in cell not a number or not in must load list, 
Broad InstituteFaloon-rev10-09.xlsx, 18, 488867, fail, 0, aid found in cell not a number or not in must load list, 
Broad InstituteFaloon-rev10-09.xlsx, 19, 488868, fail, 0, aid found in cell not a number or not in must load list, 
Broad InstituteFaloon-rev10-09.xlsx, 20, 488870, fail, 0, aid found in cell not a number or not in must load list, 
Broad InstituteFaloon-rev10-09.xlsx, 21, 488931, fail, 0, aid found in cell not a number or not in must load list, 
Broad InstituteFaloon-rev10-09.xlsx, 22, 488936, fail, 0, aid found in cell not a number or not in must load list, 
Broad InstituteFaloon-rev10-09.xlsx, 23, 488945, fail, 0, aid found in cell not a number or not in must load list, 
Broad InstituteFaloon-rev10-09.xlsx, 24, 488951, fail, 0, aid found in cell not a number or not in must load list, 
Broad InstituteFaloon-rev10-09.xlsx, 25, 488896, success, 8, successfully loaded assay context, 
Broad InstituteFaloon-rev10-09.xlsx, 28, 488952, success, 0, successfully loaded assay context, 
Broad InstituteFaloon-rev10-09.xlsx, 29, 493194, success, 13, successfully loaded assay context, 
Broad InstituteFaloon-rev10-09.xlsx, 32, 540246, success, 11, successfully loaded assay context, 
Broad InstituteFaloon-rev10-09.xlsx, 34, 540326, success, 11, successfully loaded assay context, 
Broad InstituteFaloon-rev10-09.xlsx, 35, 540354, success, 13, successfully loaded assay context, 
Broad InstituteFaloon-rev10-09.xlsx, 38, 588392, success, 13, successfully loaded assay context, 
Broad InstituteFaloon-rev10-09.xlsx, 41, 588403, success, 11, successfully loaded assay context, 
Broad InstituteFaloon-rev10-09.xlsx, 42, 588548, success, 13, successfully loaded assay context, 
Broad InstituteFaloon-rev10-09.xlsx, 45, 588553, success, 13, successfully loaded assay context, 
Broad InstituteFaloon-rev10-09.xlsx, 48, 588754, success, 13, successfully loaded assay context, 
Broad InstituteFaloon-rev10-09.xlsx, 51, 588777, success, 13, successfully loaded assay context, 
Broad InstituteFaloon-rev10-09.xlsx, 54, 588810, success, 13, successfully loaded assay context, 
Broad InstituteFaloon-rev10-09.xlsx, 57, 588818, success, 11, successfully loaded assay context, 
Broad InstituteFaloon-rev10-09.xlsx, 59, 588825, success, 13, successfully loaded assay context, 
Broad InstituteFaloon-rev10-09.xlsx, 62, 588826, success, 11, successfully loaded assay context, 
Broad InstituteFaloon-rev10-09.xlsx, 64, 588828, success, 13, successfully loaded assay context, 
Broad InstituteFaloon-rev10-09.xlsx, 67, 588829, success, 11, successfully loaded assay context, 
Broad InstituteFaloon-rev10-09.xlsx, 69, 588830, success, 11, successfully loaded assay context, 
Broad InstituteFaloon-rev10-09.xlsx, 71, 588831, success, 13, successfully loaded assay context, 
Broad InstituteFaloon-rev10-09.xlsx, 74, 588833, success, 13, successfully loaded assay context, 
Broad InstituteFaloon-rev10-09.xlsx, 77, 588836, success, 11, successfully loaded assay context, 
Broad InstituteFaloon-rev10-09.xlsx, 79, 588837, success, 11, successfully loaded assay context, 
Broad InstituteFaloon-rev10-09.xlsx, 81, 588842, success, 11, successfully loaded assay context, 
Broad InstituteFaloon-rev10-09.xlsx, 83, 588843, success, 11, successfully loaded assay context, 
Broad InstituteFaloon-rev10-09.xlsx, 85, 602126, success, 11, successfully loaded assay context, 
Broad InstituteFaloon-rev10-09.xlsx, 87, 602134, success, 12, successfully loaded assay context, 
Broad InstituteFaloon-rev10-09.xlsx, 89, 602138, success, 11, successfully loaded assay context, 
Broad InstituteFaloon-rev10-09.xlsx, 91, 602152, success, 11, successfully loaded assay context, 
Broad InstituteFaloon-rev10-09.xlsx, 93, 602154, success, 13, successfully loaded assay context, 
Broad InstituteFaloon-rev10-09.xlsx, 96, 602155, success, 10, successfully loaded assay context, 
Broad InstituteFaloon-rev10-09.xlsx, 98, 602285, success, 13, successfully loaded assay context, 
Broad InstituteFaloon-rev10-09.xlsx, 101, 623880, success, 13, successfully loaded assay context, 
Broad InstituteFaloon-rev10-09.xlsx, 104, 623895, success, 11, successfully loaded assay context, 
Broad InstituteFaloon-rev10-09.xlsx, 106, 624007, success, 11, successfully loaded assay context, 
Broad InstituteFaloon-rev10-09.xlsx, 108, 624010, success, 11, successfully loaded assay context, 
Broad InstituteFaloon-rev10-09.xlsx, 110, 624015, success, 11, successfully loaded assay context, 
Broad InstituteFaloon-rev10-09.xlsx, 112, 624017, success, 11, successfully loaded assay context, 
Broad InstituteFaloon-rev10-09.xlsx, 114, 624022, success, 11, successfully loaded assay context, 
Broad InstituteFaloon-rev10-09.xlsx, 116, 624024, success, 13, successfully loaded assay context, 
Broad InstituteFaloon-rev10-09.xlsx, 119, 624026, success, 11, successfully loaded assay context, 
Broad InstituteFaloon-rev10-09.xlsx, 121, 624029, success, 13, successfully loaded assay context, 
Broad InstituteFaloon-rev10-09.xlsx, 124, 488899, fail, 0, aid found in cell not a number or not in must load list, 
Broad InstituteFaloon-rev10-09.xlsx, 126, 488944, fail, 0, aid found in cell not a number or not in must load list, 
Broad InstituteFaloon-rev10-09.xlsx, 127, 493073, fail, 0, aid found in cell not a number or not in must load list, 
Broad InstituteFaloon-rev10-09.xlsx, 129, 493102, fail, 0, aid found in cell not a number or not in must load list, 
Broad InstituteFaloon-rev10-09.xlsx, 131, 493177, fail, 0, aid found in cell not a number or not in must load list, 
Broad InstituteFaloon-rev10-09.xlsx, 133, 493191, fail, 0, aid found in cell not a number or not in must load list, 
Broad InstituteFaloon-rev10-09.xlsx, 135, 493240, fail, 0, aid found in cell not a number or not in must load list, 
Broad InstituteFaloon-rev10-09.xlsx, 137, 540335, fail, 0, aid found in cell not a number or not in must load list, 
Broad InstituteFaloon-rev10-09.xlsx, 139, 540339, fail, 0, aid found in cell not a number or not in must load list, 
Broad InstituteFaloon-rev10-09.xlsx, 141, 540346, fail, 0, aid found in cell not a number or not in must load list, 
Broad InstituteFaloon-rev10-09.xlsx, 143, 540347, fail, 0, aid found in cell not a number or not in must load list, 
Broad InstituteFaloon-rev10-09.xlsx, 145, 540348, fail, 0, aid found in cell not a number or not in must load list, 
Broad InstituteFaloon-rev10-09.xlsx, 147, 624289, fail, 0, aid found in cell not a number or not in must load list, 
Broad InstituteFaloon-rev10-09.xlsx, 149, 624290, fail, 0, aid found in cell not a number or not in must load list, 
Broad InstituteFaloon-rev10-09.xlsx, 151, 624299, fail, 0, aid found in cell not a number or not in must load list, 
Broad InstituteFaloon-rev10-09.xlsx, 153, 624315, fail, 0, aid found in cell not a number or not in must load list, 
Broad InstituteFaloon-rev10-09.xlsx, 155, 624316, fail, 0, aid found in cell not a number or not in must load list, 
Broad InstituteFaloon-rev10-09.xlsx, 157, 624324, fail, 0, aid found in cell not a number or not in must load list, 
Broad InstituteFaloon-rev10-09.xlsx, 159, 624362, fail, 0, aid found in cell not a number or not in must load list, 
Broad InstituteFaloon-rev10-09.xlsx, 161, 624363, fail, 0, aid found in cell not a number or not in must load list, 
Broad InstituteFaloon-rev10-09.xlsx, 163, 624364, fail, 0, aid found in cell not a number or not in must load list, 
Broad InstituteFaloon-rev10-09.xlsx, 165, 624366, fail, 0, aid found in cell not a number or not in must load list, 
Broad InstituteFaloon-rev10-09.xlsx, 167, 624368, fail, 0, aid found in cell not a number or not in must load list, 
Broad InstituteFaloon-rev10-09.xlsx, 169, 540258, fail, 0, aid found in cell not a number or not in must load list, 
Broad InstituteFaloon-rev10-09.xlsx, 171, 624426, fail, 0, aid found in cell not a number or not in must load list, 
Broad InstituteFaloon-rev10-09.xlsx, 173, 624427, fail, 0, aid found in cell not a number or not in must load list, 
Broad InstituteFaloon-rev10-09.xlsx, 175, 624428, fail, 0, aid found in cell not a number or not in must load list, 
Broad InstituteFaloon-rev10-09.xlsx, 177, 624429, fail, 0, aid found in cell not a number or not in must load list, 
Broad InstituteFaloon-rev10-09.xlsx, 179, 624430, fail, 0, aid found in cell not a number or not in must load list, 
Broad InstituteFaloon-rev10-09.xlsx, 181, 624440, fail, 0, aid found in cell not a number or not in must load list, 
Broad InstituteFaloon-rev10-09.xlsx, 183, 504423, fail, 0, aid found in cell not a number or not in must load list, 
Broad InstituteFaloon-rev10-09.xlsx, 185, 504431, fail, 0, aid found in cell not a number or not in must load list, 
Broad InstituteFaloon-rev10-09.xlsx, 186, 504725, fail, 0, aid found in cell not a number or not in must load list, 
Broad InstituteFaloon-rev10-09.xlsx, 188, 504726, fail, 0, aid found in cell not a number or not in must load list, 
Broad InstituteFaloon-rev10-09.xlsx, 190, 504727, fail, 0, aid found in cell not a number or not in must load list, 
Broad InstituteFaloon-rev10-09.xlsx, 192, 588363, fail, 0, aid found in cell not a number or not in must load list, 
Broad InstituteFaloon-rev10-09.xlsx, 194, 588364, fail, 0, aid found in cell not a number or not in must load list, 
Broad InstituteFaloon-rev10-09.xlsx, 196, 588365, fail, 0, aid found in cell not a number or not in must load list, 
Broad InstituteFaloon-rev10-09.xlsx, 198, 488944, fail, 0, aid found in cell not a number or not in must load list, 
Broad InstituteFaloon-rev10-09.xlsx, 199, 540259, fail, 0, aid found in cell not a number or not in must load list, 
Broad InstituteFaloon-rev10-09.xlsx, 201, 540328, fail, 0, aid found in cell not a number or not in must load list, 
Broad InstituteFaloon-rev10-09.xlsx, 202, 588334, fail, 0, aid found in cell not a number or not in must load list, 
Broad InstituteFaloon-rev10-09.xlsx, 204, 624259, fail, 0, aid found in cell not a number or not in must load list, 
Broad InstituteFaloon-rev10-09.xlsx, 206, 504775, fail, 0, aid found in cell not a number or not in must load list, 
Broad InstituteFaloon-rev10-09.xlsx, 209, 504838, fail, 0, aid found in cell not a number or not in must load list, 
Broad InstituteFaloon-rev10-09.xlsx, 210, 602191, fail, 0, aid found in cell not a number or not in must load list, 
Broad InstituteFaloon-rev10-09.xlsx, 213, 624255, fail, 0, aid found in cell not a number or not in must load list, 
Broad InstituteFaloon-rev10-09.xlsx, 214, 624280, fail, 0, aid found in cell not a number or not in must load list, 
Broad InstituteFaloon-rev10-09.xlsx, 215, 588436, fail, 0, aid found in cell not a number or not in must load list, 
Broad InstituteFaloon-rev10-09.xlsx, 217, 588521, fail, 0, aid found in cell not a number or not in must load list, 
Broad InstituteFaloon-rev10-09.xlsx, 218, 602243, fail, 0, aid found in cell not a number or not in must load list, 
Broad InstituteFaloon-rev10-09.xlsx, 220, 624140, fail, 0, aid found in cell not a number or not in must load list, 
Broad InstituteFaloon-rev10-09.xlsx, 222, 624254, fail, 0, aid found in cell not a number or not in must load list, 
Broad InstituteFaloon-rev10-09.xlsx, 224, 624269, fail, 0, aid found in cell not a number or not in must load list, 
Broad InstituteFaloon-rev10-09.xlsx, 226, 624270, fail, 0, aid found in cell not a number or not in must load list, 
Broad InstituteFaloon-rev10-09.xlsx, 228, 588436, fail, 0, aid found in cell not a number or not in must load list, 
Broad InstituteFaloon-rev10-09.xlsx, 230, 588521, fail, 0, aid found in cell not a number or not in must load list, 
Broad InstituteFaloon-rev10-09.xlsx, 231, 602243, fail, 0, aid found in cell not a number or not in must load list, 
Broad InstituteFaloon-rev10-09.xlsx, 233, 624140, fail, 0, aid found in cell not a number or not in must load list, 
Broad InstituteFaloon-rev10-09.xlsx, 235, 624254, fail, 0, aid found in cell not a number or not in must load list, 
Broad InstituteFaloon-rev10-09.xlsx, 237, 588436, fail, 0, aid found in cell not a number or not in must load list, 
Broad InstituteFaloon-rev10-09.xlsx, 239, 588521, fail, 0, aid found in cell not a number or not in must load list, 
Broad InstituteFaloon-rev10-09.xlsx, 240, 602243, fail, 0, aid found in cell not a number or not in must load list, 
Broad InstituteFaloon-rev10-09.xlsx, 242, 624140, fail, 0, aid found in cell not a number or not in must load list, 
Broad InstituteFaloon-rev10-09.xlsx, 244, 624254, fail, 0, aid found in cell not a number or not in must load list, 
Broad InstituteFaloon-rev10-09.xlsx, 246, 463198, fail, 0, aid found in cell not a number or not in must load list, 
Broad InstituteFaloon-rev10-09.xlsx, 248, 624275, fail, 0, aid found in cell not a number or not in must load list, 
Broad InstituteFaloon-rev10-09.xlsx, 250, 624281, fail, 0, aid found in cell not a number or not in must load list, 
dlahrPrep_Broad_150_JR_2013-02-04.xlsx, 2, 434959, fail, 0, aid found in cell not a number or not in must load list, 
dlahrPrep_Broad_150_JR_2013-02-04.xlsx, 4, 449750, fail, 0, aid found in cell not a number or not in must load list, 
dlahrPrep_Broad_150_JR_2013-02-04.xlsx, 6, 449749, fail, 0, aid found in cell not a number or not in must load list, 
dlahrPrep_Broad_150_JR_2013-02-04.xlsx, 8, 463211, fail, 0, aid found in cell not a number or not in must load list, 
dlahrPrep_Broad_150_JR_2013-02-04.xlsx, 10, 493083, fail, 0, aid found in cell not a number or not in must load list, 
dlahrPrep_Broad_150_JR_2013-02-04.xlsx, 12, 493085, fail, 0, aid found in cell not a number or not in must load list, 
dlahrPrep_Broad_150_JR_2013-02-04.xlsx, 14, 493226, fail, 0, aid found in cell not a number or not in must load list, 
dlahrPrep_Broad_150_JR_2013-02-04.xlsx, 16, 493243, fail, 0, aid found in cell not a number or not in must load list, 
dlahrPrep_Broad_150_JR_2013-02-04.xlsx, 18, 493242, fail, 0, aid found in cell not a number or not in must load list, 
dlahrPrep_Broad_150_JR_2013-02-04.xlsx, 20, 504631, fail, 0, aid found in cell not a number or not in must load list, 
dlahrPrep_Broad_150_JR_2013-02-04.xlsx, 23, 504661, fail, 0, aid found in cell not a number or not in must load list, 
dlahrPrep_Broad_150_JR_2013-02-04.xlsx, 26, 504659, fail, 0, aid found in cell not a number or not in must load list, 
dlahrPrep_Broad_150_JR_2013-02-04.xlsx, 30, 504658, fail, 0, aid found in cell not a number or not in must load list, 
dlahrPrep_Broad_150_JR_2013-02-04.xlsx, 34, 504882, fail, 0, aid found in cell not a number or not in must load list, 
dlahrPrep_Broad_150_JR_2013-02-04.xlsx, 36, 588432, fail, 0, aid found in cell not a number or not in must load list, 
dlahrPrep_Broad_150_JR_2013-02-04.xlsx, 39, 588480, fail, 0, aid found in cell not a number or not in must load list, 
dlahrPrep_Broad_150_JR_2013-02-04.xlsx, 43, 588629, fail, 0, aid found in cell not a number or not in must load list, 
dlahrPrep_Broad_150_JR_2013-02-04.xlsx, 46, 588632, fail, 0, aid found in cell not a number or not in must load list, 
dlahrPrep_Broad_150_JR_2013-02-04.xlsx, 50, 588674, fail, 0, aid found in cell not a number or not in must load list, 
dlahrPrep_Broad_150_JR_2013-02-04.xlsx, 53, 588702, fail, 0, aid found in cell not a number or not in must load list, 
dlahrPrep_Broad_150_JR_2013-02-04.xlsx, 55, 588703, fail, 0, aid found in cell not a number or not in must load list, 
dlahrPrep_Broad_150_JR_2013-02-04.xlsx, 57, 588705, fail, 0, aid found in cell not a number or not in must load list, 
dlahrPrep_Broad_150_JR_2013-02-04.xlsx, 59, 588704, fail, 0, aid found in cell not a number or not in must load list, 
dlahrPrep_Broad_150_JR_2013-02-04.xlsx, 61, 588756, fail, 0, aid found in cell not a number or not in must load list, 
dlahrPrep_Broad_150_JR_2013-02-04.xlsx, 64, 588757, fail, 0, aid found in cell not a number or not in must load list, 
dlahrPrep_Broad_150_JR_2013-02-04.xlsx, 67, 588808, fail, 0, aid found in cell not a number or not in must load list, 
dlahrPrep_Broad_150_JR_2013-02-04.xlsx, 70, 588838, fail, 0, aid found in cell not a number or not in must load list, 
dlahrPrep_Broad_150_JR_2013-02-04.xlsx, 73, 624101, fail, 0, aid found in cell not a number or not in must load list, 
dlahrPrep_Broad_150_JR_2013-02-04.xlsx, 77, 624132, fail, 0, aid found in cell not a number or not in must load list, 
dlahrPrep_Broad_150_JR_2013-02-04.xlsx, 80, 624133, fail, 0, aid found in cell not a number or not in must load list, 
dlahrPrep_Broad_150_JR_2013-02-04.xlsx, 83, 624134, fail, 0, aid found in cell not a number or not in must load list, 
dlahrPrep_Broad_150_JR_2013-02-04.xlsx, 85, 624136, fail, 0, aid found in cell not a number or not in must load list, 
dlahrPrep_Broad_150_JR_2013-02-04.xlsx, 87, 624137, fail, 0, aid found in cell not a number or not in must load list, 
dlahrPrep_Broad_150_JR_2013-02-04.xlsx, 89, 624138, fail, 0, aid found in cell not a number or not in must load list, 
dlahrPrep_Broad_150_JR_2013-02-04.xlsx, 91, 624139, fail, 0, aid found in cell not a number or not in must load list, 
dlahrPrep_Broad_150_JR_2013-02-04.xlsx, 93, 624141, fail, 0, aid found in cell not a number or not in must load list, 
dlahrPrep_Broad_150_JR_2013-02-04.xlsx, 95, 624491, fail, 0, aid found in cell not a number or not in must load list, 
dlahrPrep_Broad_150_JR_2013-02-04.xlsx, 98, 651610, fail, 0, aid found in cell not a number or not in must load list, 
dlahrPrep_Broad_150_JR_2013-02-04.xlsx, 104, 651618, fail, 0, aid found in cell not a number or not in must load list, 
dlahrPrep_Broad_150_JR_2013-02-04.xlsx, 105, 651640, fail, 0, aid found in cell not a number or not in must load list, 
dlahrPrep_Broad_150_JR_2013-02-04.xlsx, 108, 651660, fail, 0, aid found in cell not a number or not in must load list, 
dlahrPrep_Broad_150_JR_2013-02-04.xlsx, 111, 651661, fail, 0, aid found in cell not a number or not in must load list, 
dlahrPrep_Broad_150_JR_2013-02-04.xlsx, 115, 651657, fail, 0, aid found in cell not a number or not in must load list, 
dlahrPrep_Broad_150_JR_2013-02-04.xlsx, 118, 651658, fail, 0, aid found in cell not a number or not in must load list, 
dlahrPrep_Broad_150_JR_2013-02-04.xlsx, 120, 651654, fail, 0, aid found in cell not a number or not in must load list, 
dlahrPrep_Broad_150_JR_2013-02-04.xlsx, 122, 651651, fail, 0, aid found in cell not a number or not in must load list, 
dlahrPrep_Broad_150_JR_2013-02-04.xlsx, 125, 651683, fail, 0, aid found in cell not a number or not in must load list, 
dlahrPrep_Broad_150_JR_2013-02-04.xlsx, 128, 651679, fail, 0, aid found in cell not a number or not in must load list, 
dlahrPrep_Broad_150_JR_2013-02-04.xlsx, 131, 651673, fail, 0, aid found in cell not a number or not in must load list, 
dlahrPrep_Broad_150_JR_2013-02-04.xlsx, 133, 651692, fail, 0, aid found in cell not a number or not in must load list, 
dlahrPrep_Broad_150_JR_2013-02-04.xlsx, 135, 651687, fail, 0, aid found in cell not a number or not in must load list, 
dlahrPrep_Broad_150_JR_2013-02-04.xlsx, 142, 651717, fail, 0, aid found in cell not a number or not in must load list, 
dlahrPrep_Broad_150_JR_2013-02-04.xlsx, 146, 651711, fail, 0, aid found in cell not a number or not in must load list, 
dlahrPrep_Broad_150_JR_2013-02-04.xlsx, 148, 651705, fail, 0, aid found in cell not a number or not in must load list, 
dlahrPrep_Broad_150_JR_2013-02-04.xlsx, 151, 651710, fail, 0, aid found in cell not a number or not in must load list, 
dlahrPrep_Broad_150_JR_2013-02-04.xlsx, 154, 651704, fail, 0, aid found in cell not a number or not in must load list, 
dlahrPrep_Broad_150_JR_2013-02-04.xlsx, 158, 651703, fail, 0, aid found in cell not a number or not in must load list, 
dlahrPrep_Broad_150_JR_2013-02-04.xlsx, 162, 651723, fail, 0, aid found in cell not a number or not in must load list, 
dlahrPrep_Broad_150_JR_2013-02-04.xlsx, 169, 651739, fail, 0, aid found in cell not a number or not in must load list, 
dlahrPrep_Broad_150_JR_2013-02-04.xlsx, 172, 651744, fail, 0, aid found in cell not a number or not in must load list, 
dlahrPrep_Broad_150_JR_2013-02-04.xlsx, 174, 651742, fail, 0, aid found in cell not a number or not in must load list, 
dlahrPrep_Broad_150_JR_2013-02-04.xlsx, 176, 651740, fail, 0, aid found in cell not a number or not in must load list, 
dlahrPrep_Broad_150_JR_2013-02-04.xlsx, 179, 651823, fail, 0, aid found in cell not a number or not in must load list, 
dlahrPrep_Broad_150_JR_2013-02-04.xlsx, 181, 651881, fail, 0, aid found in cell not a number or not in must load list, 
dlahrPrep_Broad_150_JR_2013-02-04.xlsx, 185, 651888, fail, 0, aid found in cell not a number or not in must load list, 
dlahrPrep_Broad_150_JR_2013-02-04.xlsx, 188, 651893, fail, 0, aid found in cell not a number or not in must load list, 
dlahrPrep_Broad_150_JR_2013-02-04.xlsx, 190, 651891, fail, 0, aid found in cell not a number or not in must load list, 
dlahrPrep_Broad_150_JR_2013-02-04.xlsx, 192, 651896, fail, 0, aid found in cell not a number or not in must load list, 
dlahrPrep_Broad_150_JR_2013-02-04.xlsx, 194, 651899, fail, 0, aid found in cell not a number or not in must load list, 
dlahrPrep_Broad_150_JR_2013-02-04.xlsx, 196, 651898, fail, 0, aid found in cell not a number or not in must load list, 
