aid, adid, context_name, load_result_type, num_potential_contexts_to_load, num_existing_contexts, num_contexts_loaded, message
488896, 973, biology, success, 2, null, 2, null, 
488896, 973, assay format, success, 2, null, 2, null, 
488896, 973, assay component, success, 2, null, 2, null, 
488896, 973, detection method type, success, 2, null, 2, null, 
488896, 973, assay readout, success, 3, null, 3, null, 
488896, 973, detection method, success, 2, null, 2, null, 
488896, 973, assay footprint, success, 1, null, 1, null, 
488896, 973, measurement wavelength, success, 2, null, 2, null, 
488896, 973, activity threshold, success, 3, null, 3, null, 
488896, 973, number of replicates, success, 2, null, 2, null, 
488896, 973, project lead name, success, 1, null, 1, null, 
488896, 973, assay component, success, 1, null, 1, null, 
488952, null, project lead name, fail, 1, null, 0, could not find ADID for AID, 
488896, 973, biology, success, 2, null, 2, null, 
488896, 973, assay format, alreadyLoaded, 2, 2, 0, duplicate context already exists in database 104552, 
488896, 973, assay component, success, 6, null, 6, null, 
488896, 973, detection method type, success, 2, null, 2, null, 
488896, 973, assay readout, alreadyLoaded, 3, 3, 0, duplicate context already exists in database 104555, 
488896, 973, assay footprint, alreadyLoaded, 1, 1, 0, duplicate context already exists in database 104557, 
488896, 973, measurement wavelength, success, 2, null, 2, null, 
488896, 973, activity threshold, alreadyLoaded, 3, 3, 0, duplicate context already exists in database 104559, 
488896, 973, number of replicates, alreadyLoaded, 2, 2, 0, duplicate context already exists in database 104560, 
488896, 973, project lead name, alreadyLoaded, 1, 1, 0, duplicate context already exists in database 104561, 
488896, 973, biology, alreadyLoaded, 2, 2, 0, duplicate context already exists in database 104563, 
488896, 973, assay format, alreadyLoaded, 2, 2, 0, duplicate context already exists in database 104552, 
488896, 973, assay component, success, 4, null, 4, null, 
488896, 973, detection method type, alreadyLoaded, 2, 2, 0, duplicate context already exists in database 104565, 
488896, 973, assay readout, alreadyLoaded, 3, 3, 0, duplicate context already exists in database 104555, 
488896, 973, assay footprint, alreadyLoaded, 1, 1, 0, duplicate context already exists in database 104557, 
488896, 973, measurement wavelength, alreadyLoaded, 2, 2, 0, duplicate context already exists in database 104566, 
488896, 973, activity threshold, alreadyLoaded, 3, 3, 0, duplicate context already exists in database 104559, 
488896, 973, number of replicates, alreadyLoaded, 2, 2, 0, duplicate context already exists in database 104560, 
488896, 973, project lead name, alreadyLoaded, 1, 1, 0, duplicate context already exists in database 104561, 
488896, 973, biology, alreadyLoaded, 2, 2, 0, duplicate context already exists in database 104563, 
488896, 973, assay format, alreadyLoaded, 2, 2, 0, duplicate context already exists in database 104552, 
488896, 973, assay component, success, 6, null, 6, null, 
488896, 973, detection method type, alreadyLoaded, 2, 2, 0, duplicate context already exists in database 104565, 
488896, 973, assay readout, alreadyLoaded, 3, 3, 0, duplicate context already exists in database 104555, 
488896, 973, detection method, success, 2, null, 2, null, 
488896, 973, assay footprint, alreadyLoaded, 1, 1, 0, duplicate context already exists in database 104557, 
488896, 973, measurement wavelength, alreadyLoaded, 2, 2, 0, duplicate context already exists in database 104566, 
488896, 973, activity threshold, alreadyLoaded, 3, 3, 0, duplicate context already exists in database 104559, 
488896, 973, number of replicates, alreadyLoaded, 2, 2, 0, duplicate context already exists in database 104560, 
488896, 973, project lead name, alreadyLoaded, 1, 1, 0, duplicate context already exists in database 104561, 
488952, null, project lead name, fail, 1, null, 0, could not find ADID for AID, 
493194, 1468, biology, success, 2, null, 2, null, 
493194, 1468, assay format, success, 2, null, 2, null, 
493194, 1468, assay component, success, 6, null, 6, null, 
493194, 1468, detection method type, success, 2, null, 2, null, 
493194, 1468, assay readout, success, 3, null, 3, null, 
493194, 1468, assay footprint, success, 1, null, 1, null, 
493194, 1468, measurement wavelength, success, 2, null, 2, null, 
493194, 1468, activity threshold, success, 3, null, 3, null, 
493194, 1468, number of replicates, success, 2, null, 2, null, 
493194, 1468, project lead name, success, 1, null, 1, null, 
493194, 1468, biology, alreadyLoaded, 2, 2, 0, duplicate context already exists in database 104570, 
493194, 1468, assay format, alreadyLoaded, 2, 2, 0, duplicate context already exists in database 104571, 
493194, 1468, assay component, success, 4, null, 4, null, 
493194, 1468, detection method type, alreadyLoaded, 2, 2, 0, duplicate context already exists in database 104573, 
493194, 1468, assay readout, alreadyLoaded, 3, 3, 0, duplicate context already exists in database 104574, 
493194, 1468, assay footprint, alreadyLoaded, 1, 1, 0, duplicate context already exists in database 104575, 
493194, 1468, measurement wavelength, alreadyLoaded, 2, 2, 0, duplicate context already exists in database 104576, 
493194, 1468, activity threshold, alreadyLoaded, 3, 3, 0, duplicate context already exists in database 104577, 
493194, 1468, number of replicates, alreadyLoaded, 2, 2, 0, duplicate context already exists in database 104578, 
493194, 1468, project lead name, alreadyLoaded, 1, 1, 0, duplicate context already exists in database 104579, 
493194, 1468, biology, alreadyLoaded, 2, 2, 0, duplicate context already exists in database 104570, 
493194, 1468, assay format, alreadyLoaded, 2, 2, 0, duplicate context already exists in database 104571, 
493194, 1468, assay component, success, 6, null, 6, null, 
493194, 1468, detection method type, alreadyLoaded, 2, 2, 0, duplicate context already exists in database 104573, 
493194, 1468, assay readout, alreadyLoaded, 3, 3, 0, duplicate context already exists in database 104574, 
493194, 1468, detection method, success, 2, null, 2, null, 
493194, 1468, assay footprint, alreadyLoaded, 1, 1, 0, duplicate context already exists in database 104575, 
493194, 1468, measurement wavelength, alreadyLoaded, 2, 2, 0, duplicate context already exists in database 104576, 
493194, 1468, activity threshold, alreadyLoaded, 3, 3, 0, duplicate context already exists in database 104577, 
493194, 1468, number of replicates, alreadyLoaded, 2, 2, 0, duplicate context already exists in database 104578, 
493194, 1468, project lead name, alreadyLoaded, 1, 1, 0, duplicate context already exists in database 104579, 
540246, 1947, biology, success, 2, null, 2, null, 
540246, 1947, assay format, success, 2, null, 2, null, 
540246, 1947, assay component, success, 6, null, 6, null, 
540246, 1947, detection method type, success, 2, null, 2, null, 
540246, 1947, assay readout, success, 3, null, 3, null, 
540246, 1947, assay footprint, success, 1, null, 1, null, 
540246, 1947, activity threshold, success, 3, null, 3, null, 
540246, 1947, number of replicates, success, 2, null, 2, null, 
540246, 1947, project lead name, success, 1, null, 1, null, 
540246, 1947, biology, alreadyLoaded, 2, 2, 0, duplicate context already exists in database 104583, 
540246, 1947, assay format, alreadyLoaded, 2, 2, 0, duplicate context already exists in database 104584, 
540246, 1947, assay component, success, 3, null, 3, null, 
540246, 1947, detection method type, alreadyLoaded, 2, 2, 0, duplicate context already exists in database 104586, 
540246, 1947, assay readout, alreadyLoaded, 3, 3, 0, duplicate context already exists in database 104587, 
540246, 1947, detection method, success, 2, null, 2, null, 
540246, 1947, assay footprint, alreadyLoaded, 1, 1, 0, duplicate context already exists in database 104588, 
540246, 1947, activity threshold, alreadyLoaded, 3, 3, 0, duplicate context already exists in database 104589, 
540246, 1947, number of replicates, alreadyLoaded, 2, 2, 0, duplicate context already exists in database 104590, 
540246, 1947, project lead name, alreadyLoaded, 1, 1, 0, duplicate context already exists in database 104591, 
540326, 2050, biology, success, 1, null, 1, null, 
540326, 2050, assay format, success, 2, null, 2, null, 
540326, 2050, assay component, success, 6, null, 6, null, 
540326, 2050, detection method type, success, 2, null, 2, null, 
540326, 2050, assay readout, success, 3, null, 3, null, 
540326, 2050, detection method, success, 2, null, 2, null, 
540326, 2050, assay footprint, success, 1, null, 1, null, 
540326, 2050, measurement wavelength, success, 2, null, 2, null, 
540326, 2050, activity threshold, success, 3, null, 3, null, 
540326, 2050, number of replicates, success, 2, null, 2, null, 
540326, 2050, project lead name, success, 1, null, 1, null, 
540354, 5414, biology, success, 2, null, 2, null, 
540354, 5414, assay format, success, 2, null, 2, null, 
540354, 5414, assay component, success, 6, null, 6, null, 
540354, 5414, detection method type, success, 2, null, 2, null, 
540354, 5414, assay readout, success, 3, null, 3, null, 
540354, 5414, assay footprint, success, 1, null, 1, null, 
540354, 5414, measurement wavelength, success, 2, null, 2, null, 
540354, 5414, activity threshold, success, 3, null, 3, null, 
540354, 5414, number of replicates, success, 2, null, 2, null, 
540354, 5414, project lead name, success, 1, null, 1, null, 
540354, 5414, biology, alreadyLoaded, 2, 2, 0, duplicate context already exists in database 104605, 
540354, 5414, assay format, alreadyLoaded, 2, 2, 0, duplicate context already exists in database 104606, 
540354, 5414, assay component, success, 4, null, 4, null, 
540354, 5414, detection method type, alreadyLoaded, 2, 2, 0, duplicate context already exists in database 104608, 
540354, 5414, assay readout, alreadyLoaded, 3, 3, 0, duplicate context already exists in database 104609, 
540354, 5414, assay footprint, alreadyLoaded, 1, 1, 0, duplicate context already exists in database 104610, 
540354, 5414, measurement wavelength, alreadyLoaded, 2, 2, 0, duplicate context already exists in database 104611, 
540354, 5414, activity threshold, alreadyLoaded, 3, 3, 0, duplicate context already exists in database 104612, 
540354, 5414, number of replicates, alreadyLoaded, 2, 2, 0, duplicate context already exists in database 104613, 
540354, 5414, project lead name, alreadyLoaded, 1, 1, 0, duplicate context already exists in database 104614, 
540354, 5414, biology, alreadyLoaded, 2, 2, 0, duplicate context already exists in database 104605, 
540354, 5414, assay format, alreadyLoaded, 2, 2, 0, duplicate context already exists in database 104606, 
540354, 5414, assay component, success, 6, null, 6, null, 
540354, 5414, detection method type, alreadyLoaded, 2, 2, 0, duplicate context already exists in database 104608, 
540354, 5414, assay readout, alreadyLoaded, 3, 3, 0, duplicate context already exists in database 104609, 
540354, 5414, detection method, success, 2, null, 2, null, 
540354, 5414, assay footprint, alreadyLoaded, 1, 1, 0, duplicate context already exists in database 104610, 
540354, 5414, measurement wavelength, alreadyLoaded, 2, 2, 0, duplicate context already exists in database 104611, 
540354, 5414, activity threshold, alreadyLoaded, 3, 3, 0, duplicate context already exists in database 104612, 
540354, 5414, number of replicates, alreadyLoaded, 2, 2, 0, duplicate context already exists in database 104613, 
540354, 5414, project lead name, alreadyLoaded, 1, 1, 0, duplicate context already exists in database 104614, 
588392, 5163, biology, success, 2, null, 2, null, 
588392, 5163, assay format, success, 2, null, 2, null, 
588392, 5163, assay component, success, 6, null, 6, null, 
588392, 5163, detection method type, success, 2, null, 2, null, 
588392, 5163, assay readout, success, 3, null, 3, null, 
588392, 5163, assay footprint, success, 1, null, 1, null, 
588392, 5163, measurement wavelength, success, 2, null, 2, null, 
588392, 5163, activity threshold, success, 3, null, 3, null, 
588392, 5163, number of replicates, success, 2, null, 2, null, 
588392, 5163, project lead name, success, 1, null, 1, null, 
588392, 5163, biology, alreadyLoaded, 2, 2, 0, duplicate context already exists in database 104618, 
588392, 5163, assay format, alreadyLoaded, 2, 2, 0, duplicate context already exists in database 104619, 
588392, 5163, assay component, success, 4, null, 4, null, 
588392, 5163, detection method type, alreadyLoaded, 2, 2, 0, duplicate context already exists in database 104621, 
588392, 5163, assay readout, alreadyLoaded, 3, 3, 0, duplicate context already exists in database 104622, 
588392, 5163, assay footprint, alreadyLoaded, 1, 1, 0, duplicate context already exists in database 104623, 
588392, 5163, measurement wavelength, alreadyLoaded, 2, 2, 0, duplicate context already exists in database 104624, 
588392, 5163, activity threshold, alreadyLoaded, 3, 3, 0, duplicate context already exists in database 104625, 
588392, 5163, number of replicates, alreadyLoaded, 2, 2, 0, duplicate context already exists in database 104626, 
588392, 5163, project lead name, alreadyLoaded, 1, 1, 0, duplicate context already exists in database 104627, 
588392, 5163, biology, alreadyLoaded, 2, 2, 0, duplicate context already exists in database 104618, 
588392, 5163, assay format, alreadyLoaded, 2, 2, 0, duplicate context already exists in database 104619, 
588392, 5163, assay component, success, 6, null, 6, null, 
588392, 5163, detection method type, alreadyLoaded, 2, 2, 0, duplicate context already exists in database 104621, 
588392, 5163, assay readout, alreadyLoaded, 3, 3, 0, duplicate context already exists in database 104622, 
588392, 5163, detection method, success, 2, null, 2, null, 
588392, 5163, assay footprint, alreadyLoaded, 1, 1, 0, duplicate context already exists in database 104623, 
588392, 5163, measurement wavelength, alreadyLoaded, 2, 2, 0, duplicate context already exists in database 104624, 
588392, 5163, activity threshold, alreadyLoaded, 3, 3, 0, duplicate context already exists in database 104625, 
588392, 5163, number of replicates, alreadyLoaded, 2, 2, 0, duplicate context already exists in database 104626, 
588392, 5163, project lead name, alreadyLoaded, 1, 1, 0, duplicate context already exists in database 104627, 
588403, 5168, biology, success, 1, null, 1, null, 
588403, 5168, assay format, success, 2, null, 2, null, 
588403, 5168, assay component, success, 6, null, 6, null, 
588403, 5168, detection method type, success, 2, null, 2, null, 
588403, 5168, assay readout, success, 3, null, 3, null, 
588403, 5168, detection method, success, 2, null, 2, null, 
588403, 5168, assay footprint, success, 1, null, 1, null, 
588403, 5168, measurement wavelength, success, 2, null, 2, null, 
588403, 5168, activity threshold, success, 3, null, 3, null, 
588403, 5168, number of replicates, success, 2, null, 2, null, 
588403, 5168, project lead name, success, 1, null, 1, null, 
588548, 5221, biology, success, 2, null, 2, null, 
588548, 5221, assay format, success, 2, null, 2, null, 
588548, 5221, assay component, success, 6, null, 6, null, 
588548, 5221, detection method type, success, 2, null, 2, null, 
588548, 5221, assay readout, success, 3, null, 3, null, 
588548, 5221, assay footprint, success, 1, null, 1, null, 
588548, 5221, measurement wavelength, success, 2, null, 2, null, 
588548, 5221, activity threshold, success, 3, null, 3, null, 
588548, 5221, number of replicates, success, 2, null, 2, null, 
588548, 5221, project lead name, success, 1, null, 1, null, 
588548, 5221, biology, alreadyLoaded, 2, 2, 0, duplicate context already exists in database 104642, 
588548, 5221, assay format, alreadyLoaded, 2, 2, 0, duplicate context already exists in database 104643, 
588548, 5221, assay component, success, 4, null, 4, null, 
588548, 5221, detection method type, alreadyLoaded, 2, 2, 0, duplicate context already exists in database 104645, 
588548, 5221, assay readout, alreadyLoaded, 3, 3, 0, duplicate context already exists in database 104646, 
588548, 5221, assay footprint, alreadyLoaded, 1, 1, 0, duplicate context already exists in database 104647, 
588548, 5221, measurement wavelength, alreadyLoaded, 2, 2, 0, duplicate context already exists in database 104648, 
588548, 5221, activity threshold, alreadyLoaded, 3, 3, 0, duplicate context already exists in database 104649, 
588548, 5221, number of replicates, alreadyLoaded, 2, 2, 0, duplicate context already exists in database 104650, 
588548, 5221, project lead name, alreadyLoaded, 1, 1, 0, duplicate context already exists in database 104651, 
588548, 5221, biology, alreadyLoaded, 2, 2, 0, duplicate context already exists in database 104642, 
588548, 5221, assay format, alreadyLoaded, 2, 2, 0, duplicate context already exists in database 104643, 
588548, 5221, assay component, success, 6, null, 6, null, 
588548, 5221, detection method type, alreadyLoaded, 2, 2, 0, duplicate context already exists in database 104645, 
588548, 5221, assay readout, alreadyLoaded, 3, 3, 0, duplicate context already exists in database 104646, 
588548, 5221, detection method, success, 2, null, 2, null, 
588548, 5221, assay footprint, alreadyLoaded, 1, 1, 0, duplicate context already exists in database 104647, 
588548, 5221, measurement wavelength, alreadyLoaded, 2, 2, 0, duplicate context already exists in database 104648, 
588548, 5221, activity threshold, alreadyLoaded, 3, 3, 0, duplicate context already exists in database 104649, 
588548, 5221, number of replicates, alreadyLoaded, 2, 2, 0, duplicate context already exists in database 104650, 
588548, 5221, project lead name, alreadyLoaded, 1, 1, 0, duplicate context already exists in database 104651, 
588553, 5223, biology, success, 2, null, 2, null, 
588553, 5223, assay format, success, 2, null, 2, null, 
588553, 5223, assay component, success, 6, null, 6, null, 
588553, 5223, detection method type, success, 2, null, 2, null, 
588553, 5223, assay readout, success, 3, null, 3, null, 
588553, 5223, assay footprint, success, 1, null, 1, null, 
588553, 5223, measurement wavelength, success, 2, null, 2, null, 
588553, 5223, activity threshold, success, 3, null, 3, null, 
588553, 5223, number of replicates, success, 2, null, 2, null, 
588553, 5223, project lead name, success, 1, null, 1, null, 
588553, 5223, biology, alreadyLoaded, 2, 2, 0, duplicate context already exists in database 104655, 
588553, 5223, assay format, alreadyLoaded, 2, 2, 0, duplicate context already exists in database 104656, 
588553, 5223, assay component, success, 4, null, 4, null, 
588553, 5223, detection method type, alreadyLoaded, 2, 2, 0, duplicate context already exists in database 104658, 
588553, 5223, assay readout, alreadyLoaded, 3, 3, 0, duplicate context already exists in database 104659, 
588553, 5223, assay footprint, alreadyLoaded, 1, 1, 0, duplicate context already exists in database 104660, 
588553, 5223, measurement wavelength, alreadyLoaded, 2, 2, 0, duplicate context already exists in database 104661, 
588553, 5223, activity threshold, alreadyLoaded, 3, 3, 0, duplicate context already exists in database 104662, 
588553, 5223, number of replicates, alreadyLoaded, 2, 2, 0, duplicate context already exists in database 104663, 
588553, 5223, project lead name, alreadyLoaded, 1, 1, 0, duplicate context already exists in database 104664, 
588553, 5223, biology, alreadyLoaded, 2, 2, 0, duplicate context already exists in database 104655, 
588553, 5223, assay format, alreadyLoaded, 2, 2, 0, duplicate context already exists in database 104656, 
588553, 5223, assay component, success, 6, null, 6, null, 
588553, 5223, detection method type, alreadyLoaded, 2, 2, 0, duplicate context already exists in database 104658, 
588553, 5223, assay readout, alreadyLoaded, 3, 3, 0, duplicate context already exists in database 104659, 
588553, 5223, detection method, success, 2, null, 2, null, 
588553, 5223, assay footprint, alreadyLoaded, 1, 1, 0, duplicate context already exists in database 104660, 
588553, 5223, measurement wavelength, alreadyLoaded, 2, 2, 0, duplicate context already exists in database 104661, 
588553, 5223, activity threshold, alreadyLoaded, 3, 3, 0, duplicate context already exists in database 104662, 
588553, 5223, number of replicates, alreadyLoaded, 2, 2, 0, duplicate context already exists in database 104663, 
588553, 5223, project lead name, alreadyLoaded, 1, 1, 0, duplicate context already exists in database 104664, 
588754, 5499, biology, success, 2, null, 2, null, 
588754, 5499, assay format, success, 2, null, 2, null, 
588754, 5499, assay component, success, 6, null, 6, null, 
588754, 5499, detection method type, success, 2, null, 2, null, 
588754, 5499, assay readout, success, 3, null, 3, null, 
588754, 5499, assay footprint, success, 1, null, 1, null, 
588754, 5499, measurement wavelength, success, 2, null, 2, null, 
588754, 5499, activity threshold, success, 3, null, 3, null, 
588754, 5499, number of replicates, success, 2, null, 2, null, 
588754, 5499, project lead name, success, 1, null, 1, null, 
588754, 5499, biology, alreadyLoaded, 2, 2, 0, duplicate context already exists in database 104668, 
588754, 5499, assay format, alreadyLoaded, 2, 2, 0, duplicate context already exists in database 104669, 
588754, 5499, assay component, success, 4, null, 4, null, 
588754, 5499, detection method type, alreadyLoaded, 2, 2, 0, duplicate context already exists in database 104671, 
588754, 5499, assay readout, alreadyLoaded, 3, 3, 0, duplicate context already exists in database 104672, 
588754, 5499, assay footprint, alreadyLoaded, 1, 1, 0, duplicate context already exists in database 104673, 
588754, 5499, measurement wavelength, alreadyLoaded, 2, 2, 0, duplicate context already exists in database 104674, 
588754, 5499, activity threshold, alreadyLoaded, 3, 3, 0, duplicate context already exists in database 104675, 
588754, 5499, number of replicates, alreadyLoaded, 2, 2, 0, duplicate context already exists in database 104676, 
588754, 5499, project lead name, alreadyLoaded, 1, 1, 0, duplicate context already exists in database 104677, 
588754, 5499, biology, alreadyLoaded, 2, 2, 0, duplicate context already exists in database 104668, 
588754, 5499, assay format, alreadyLoaded, 2, 2, 0, duplicate context already exists in database 104669, 
588754, 5499, assay component, success, 6, null, 6, null, 
588754, 5499, detection method type, alreadyLoaded, 2, 2, 0, duplicate context already exists in database 104671, 
588754, 5499, assay readout, alreadyLoaded, 3, 3, 0, duplicate context already exists in database 104672, 
588754, 5499, detection method, success, 2, null, 2, null, 
588754, 5499, assay footprint, alreadyLoaded, 1, 1, 0, duplicate context already exists in database 104673, 
588754, 5499, measurement wavelength, alreadyLoaded, 2, 2, 0, duplicate context already exists in database 104674, 
588754, 5499, activity threshold, alreadyLoaded, 3, 3, 0, duplicate context already exists in database 104675, 
588754, 5499, number of replicates, alreadyLoaded, 2, 2, 0, duplicate context already exists in database 104676, 
588754, 5499, project lead name, alreadyLoaded, 1, 1, 0, duplicate context already exists in database 104677, 
588777, 5509, biology, success, 2, null, 2, null, 
588777, 5509, assay format, success, 2, null, 2, null, 
588777, 5509, assay component, success, 6, null, 6, null, 
588777, 5509, detection method type, success, 2, null, 2, null, 
588777, 5509, assay readout, success, 3, null, 3, null, 
588777, 5509, assay footprint, success, 1, null, 1, null, 
588777, 5509, measurement wavelength, success, 2, null, 2, null, 
588777, 5509, activity threshold, success, 3, null, 3, null, 
588777, 5509, number of replicates, success, 2, null, 2, null, 
588777, 5509, project lead name, success, 1, null, 1, null, 
588777, 5509, biology, alreadyLoaded, 2, 2, 0, duplicate context already exists in database 104681, 
588777, 5509, assay format, alreadyLoaded, 2, 2, 0, duplicate context already exists in database 104682, 
588777, 5509, assay component, success, 4, null, 4, null, 
588777, 5509, detection method type, alreadyLoaded, 2, 2, 0, duplicate context already exists in database 104684, 
588777, 5509, assay readout, alreadyLoaded, 3, 3, 0, duplicate context already exists in database 104685, 
588777, 5509, assay footprint, alreadyLoaded, 1, 1, 0, duplicate context already exists in database 104686, 
588777, 5509, measurement wavelength, alreadyLoaded, 2, 2, 0, duplicate context already exists in database 104687, 
588777, 5509, activity threshold, alreadyLoaded, 3, 3, 0, duplicate context already exists in database 104688, 
588777, 5509, number of replicates, alreadyLoaded, 2, 2, 0, duplicate context already exists in database 104689, 
588777, 5509, project lead name, alreadyLoaded, 1, 1, 0, duplicate context already exists in database 104690, 
588777, 5509, biology, alreadyLoaded, 2, 2, 0, duplicate context already exists in database 104681, 
588777, 5509, assay format, alreadyLoaded, 2, 2, 0, duplicate context already exists in database 104682, 
588777, 5509, assay component, success, 6, null, 6, null, 
588777, 5509, detection method type, alreadyLoaded, 2, 2, 0, duplicate context already exists in database 104684, 
588777, 5509, assay readout, alreadyLoaded, 3, 3, 0, duplicate context already exists in database 104685, 
588777, 5509, detection method, success, 2, null, 2, null, 
588777, 5509, assay footprint, alreadyLoaded, 1, 1, 0, duplicate context already exists in database 104686, 
588777, 5509, measurement wavelength, alreadyLoaded, 2, 2, 0, duplicate context already exists in database 104687, 
588777, 5509, activity threshold, alreadyLoaded, 3, 3, 0, duplicate context already exists in database 104688, 
588777, 5509, number of replicates, alreadyLoaded, 2, 2, 0, duplicate context already exists in database 104689, 
588777, 5509, project lead name, alreadyLoaded, 1, 1, 0, duplicate context already exists in database 104690, 
588810, 5516, biology, success, 2, null, 2, null, 
588810, 5516, assay format, success, 2, null, 2, null, 
588810, 5516, assay component, success, 6, null, 6, null, 
588810, 5516, detection method type, success, 2, null, 2, null, 
588810, 5516, assay readout, success, 3, null, 3, null, 
588810, 5516, assay footprint, success, 1, null, 1, null, 
588810, 5516, measurement wavelength, success, 2, null, 2, null, 
588810, 5516, activity threshold, success, 3, null, 3, null, 
588810, 5516, number of replicates, success, 2, null, 2, null, 
588810, 5516, project lead name, success, 1, null, 1, null, 
588810, 5516, biology, alreadyLoaded, 2, 2, 0, duplicate context already exists in database 104694, 
588810, 5516, assay format, alreadyLoaded, 2, 2, 0, duplicate context already exists in database 104695, 
588810, 5516, assay component, success, 4, null, 4, null, 
588810, 5516, detection method type, alreadyLoaded, 2, 2, 0, duplicate context already exists in database 104697, 
588810, 5516, assay readout, alreadyLoaded, 3, 3, 0, duplicate context already exists in database 104698, 
588810, 5516, assay footprint, alreadyLoaded, 1, 1, 0, duplicate context already exists in database 104699, 
588810, 5516, measurement wavelength, alreadyLoaded, 2, 2, 0, duplicate context already exists in database 104700, 
588810, 5516, activity threshold, alreadyLoaded, 3, 3, 0, duplicate context already exists in database 104701, 
588810, 5516, number of replicates, alreadyLoaded, 2, 2, 0, duplicate context already exists in database 104702, 
588810, 5516, project lead name, alreadyLoaded, 1, 1, 0, duplicate context already exists in database 104703, 
588810, 5516, biology, alreadyLoaded, 2, 2, 0, duplicate context already exists in database 104694, 
588810, 5516, assay format, alreadyLoaded, 2, 2, 0, duplicate context already exists in database 104695, 
588810, 5516, assay component, success, 6, null, 6, null, 
588810, 5516, detection method type, alreadyLoaded, 2, 2, 0, duplicate context already exists in database 104697, 
588810, 5516, assay readout, alreadyLoaded, 3, 3, 0, duplicate context already exists in database 104698, 
588810, 5516, detection method, success, 2, null, 2, null, 
588810, 5516, assay footprint, alreadyLoaded, 1, 1, 0, duplicate context already exists in database 104699, 
588810, 5516, measurement wavelength, alreadyLoaded, 2, 2, 0, duplicate context already exists in database 104700, 
588810, 5516, activity threshold, alreadyLoaded, 3, 3, 0, duplicate context already exists in database 104701, 
588810, 5516, number of replicates, alreadyLoaded, 2, 2, 0, duplicate context already exists in database 104702, 
588810, 5516, project lead name, alreadyLoaded, 1, 1, 0, duplicate context already exists in database 104703, 
588818, 5519, biology, success, 2, null, 2, null, 
588818, 5519, assay format, success, 2, null, 2, null, 
588818, 5519, assay component, success, 6, null, 6, null, 
588818, 5519, detection method type, success, 1, null, 1, null, 
588818, 5519, assay readout, success, 3, null, 3, null, 
588818, 5519, assay footprint, success, 1, null, 1, null, 
588818, 5519, activity threshold, success, 3, null, 3, null, 
588818, 5519, number of replicates, success, 2, null, 2, null, 
588818, 5519, project lead name, success, 1, null, 1, null, 
588818, 5519, biology, alreadyLoaded, 2, 2, 0, duplicate context already exists in database 104707, 
588818, 5519, assay format, alreadyLoaded, 2, 2, 0, duplicate context already exists in database 104708, 
588818, 5519, assay component, success, 5, null, 5, null, 
588818, 5519, detection method type, alreadyLoaded, 1, 1, 0, duplicate context already exists in database 104710, 
588818, 5519, assay readout, alreadyLoaded, 3, 3, 0, duplicate context already exists in database 104711, 
588818, 5519, detection method, success, 2, null, 2, null, 
588818, 5519, assay footprint, alreadyLoaded, 1, 1, 0, duplicate context already exists in database 104712, 
588818, 5519, activity threshold, alreadyLoaded, 3, 3, 0, duplicate context already exists in database 104713, 
588818, 5519, number of replicates, alreadyLoaded, 2, 2, 0, duplicate context already exists in database 104714, 
588818, 5519, project lead name, alreadyLoaded, 1, 1, 0, duplicate context already exists in database 104715, 
588825, 5632, biology, success, 2, null, 2, null, 
588825, 5632, assay format, success, 2, null, 2, null, 
588825, 5632, assay component, success, 6, null, 6, null, 
588825, 5632, detection method type, success, 2, null, 2, null, 
588825, 5632, assay readout, success, 3, null, 3, null, 
588825, 5632, assay footprint, success, 1, null, 1, null, 
588825, 5632, measurement wavelength, success, 2, null, 2, null, 
588825, 5632, activity threshold, success, 3, null, 3, null, 
588825, 5632, number of replicates, success, 2, null, 2, null, 
588825, 5632, project lead name, success, 1, null, 1, null, 
588825, 5632, biology, alreadyLoaded, 2, 2, 0, duplicate context already exists in database 104718, 
588825, 5632, assay format, alreadyLoaded, 2, 2, 0, duplicate context already exists in database 104719, 
588825, 5632, assay component, success, 4, null, 4, null, 
588825, 5632, detection method type, alreadyLoaded, 2, 2, 0, duplicate context already exists in database 104721, 
588825, 5632, assay readout, alreadyLoaded, 3, 3, 0, duplicate context already exists in database 104722, 
588825, 5632, assay footprint, alreadyLoaded, 1, 1, 0, duplicate context already exists in database 104723, 
588825, 5632, measurement wavelength, alreadyLoaded, 2, 2, 0, duplicate context already exists in database 104724, 
588825, 5632, activity threshold, alreadyLoaded, 3, 3, 0, duplicate context already exists in database 104725, 
588825, 5632, number of replicates, alreadyLoaded, 2, 2, 0, duplicate context already exists in database 104726, 
588825, 5632, project lead name, alreadyLoaded, 1, 1, 0, duplicate context already exists in database 104727, 
588825, 5632, biology, alreadyLoaded, 2, 2, 0, duplicate context already exists in database 104718, 
588825, 5632, assay format, alreadyLoaded, 2, 2, 0, duplicate context already exists in database 104719, 
588825, 5632, assay component, success, 6, null, 6, null, 
588825, 5632, detection method type, alreadyLoaded, 2, 2, 0, duplicate context already exists in database 104721, 
588825, 5632, assay readout, alreadyLoaded, 3, 3, 0, duplicate context already exists in database 104722, 
588825, 5632, detection method, success, 2, null, 2, null, 
588825, 5632, assay footprint, alreadyLoaded, 1, 1, 0, duplicate context already exists in database 104723, 
588825, 5632, measurement wavelength, alreadyLoaded, 2, 2, 0, duplicate context already exists in database 104724, 
588825, 5632, activity threshold, alreadyLoaded, 3, 3, 0, duplicate context already exists in database 104725, 
588825, 5632, number of replicates, alreadyLoaded, 2, 2, 0, duplicate context already exists in database 104726, 
588825, 5632, project lead name, alreadyLoaded, 1, 1, 0, duplicate context already exists in database 104727, 
588826, 5633, biology, success, 2, null, 2, null, 
588826, 5633, assay format, success, 2, null, 2, null, 
588826, 5633, assay component, success, 6, null, 6, null, 
588826, 5633, detection method type, success, 2, null, 2, null, 
588826, 5633, assay readout, success, 3, null, 3, null, 
588826, 5633, assay footprint, success, 1, null, 1, null, 
588826, 5633, activity threshold, success, 3, null, 3, null, 
588826, 5633, number of replicates, success, 2, null, 2, null, 
588826, 5633, project lead name, success, 1, null, 1, null, 
588826, 5633, biology, alreadyLoaded, 2, 2, 0, duplicate context already exists in database 104731, 
588826, 5633, assay format, alreadyLoaded, 2, 2, 0, duplicate context already exists in database 104732, 
588826, 5633, assay component, success, 3, null, 3, null, 
588826, 5633, detection method type, alreadyLoaded, 2, 2, 0, duplicate context already exists in database 104734, 
588826, 5633, assay readout, alreadyLoaded, 3, 3, 0, duplicate context already exists in database 104735, 
588826, 5633, detection method, success, 2, null, 2, null, 
588826, 5633, assay footprint, alreadyLoaded, 1, 1, 0, duplicate context already exists in database 104736, 
588826, 5633, activity threshold, alreadyLoaded, 3, 3, 0, duplicate context already exists in database 104737, 
588826, 5633, number of replicates, alreadyLoaded, 2, 2, 0, duplicate context already exists in database 104738, 
588826, 5633, project lead name, alreadyLoaded, 1, 1, 0, duplicate context already exists in database 104739, 
588828, 5634, biology, success, 2, null, 2, null, 
588828, 5634, assay format, success, 2, null, 2, null, 
588828, 5634, assay component, success, 6, null, 6, null, 
588828, 5634, detection method type, success, 2, null, 2, null, 
588828, 5634, assay readout, success, 3, null, 3, null, 
588828, 5634, assay footprint, success, 1, null, 1, null, 
588828, 5634, measurement wavelength, success, 2, null, 2, null, 
588828, 5634, activity threshold, success, 3, null, 3, null, 
588828, 5634, number of replicates, success, 2, null, 2, null, 
588828, 5634, project lead name, success, 1, null, 1, null, 
588828, 5634, biology, alreadyLoaded, 2, 2, 0, duplicate context already exists in database 104742, 
588828, 5634, assay format, alreadyLoaded, 2, 2, 0, duplicate context already exists in database 104743, 
588828, 5634, assay component, success, 4, null, 4, null, 
588828, 5634, detection method type, alreadyLoaded, 2, 2, 0, duplicate context already exists in database 104745, 
588828, 5634, assay readout, alreadyLoaded, 3, 3, 0, duplicate context already exists in database 104746, 
588828, 5634, assay footprint, alreadyLoaded, 1, 1, 0, duplicate context already exists in database 104747, 
588828, 5634, measurement wavelength, alreadyLoaded, 2, 2, 0, duplicate context already exists in database 104748, 
588828, 5634, activity threshold, alreadyLoaded, 3, 3, 0, duplicate context already exists in database 104749, 
588828, 5634, number of replicates, alreadyLoaded, 2, 2, 0, duplicate context already exists in database 104750, 
588828, 5634, project lead name, alreadyLoaded, 1, 1, 0, duplicate context already exists in database 104751, 
588828, 5634, biology, alreadyLoaded, 2, 2, 0, duplicate context already exists in database 104742, 
588828, 5634, assay format, alreadyLoaded, 2, 2, 0, duplicate context already exists in database 104743, 
588828, 5634, assay component, success, 6, null, 6, null, 
588828, 5634, detection method type, alreadyLoaded, 2, 2, 0, duplicate context already exists in database 104745, 
588828, 5634, assay readout, alreadyLoaded, 3, 3, 0, duplicate context already exists in database 104746, 
588828, 5634, detection method, success, 2, null, 2, null, 
588828, 5634, assay footprint, alreadyLoaded, 1, 1, 0, duplicate context already exists in database 104747, 
588828, 5634, measurement wavelength, alreadyLoaded, 2, 2, 0, duplicate context already exists in database 104748, 
588828, 5634, activity threshold, alreadyLoaded, 3, 3, 0, duplicate context already exists in database 104749, 
588828, 5634, number of replicates, alreadyLoaded, 2, 2, 0, duplicate context already exists in database 104750, 
588828, 5634, project lead name, alreadyLoaded, 1, 1, 0, duplicate context already exists in database 104751, 
588829, 5635, biology, success, 2, null, 2, null, 
588829, 5635, assay format, success, 2, null, 2, null, 
588829, 5635, assay component, success, 6, null, 6, null, 
588829, 5635, detection method type, success, 2, null, 2, null, 
588829, 5635, assay readout, success, 3, null, 3, null, 
588829, 5635, assay footprint, success, 1, null, 1, null, 
588829, 5635, activity threshold, success, 3, null, 3, null, 
588829, 5635, number of replicates, success, 2, null, 2, null, 
588829, 5635, project lead name, success, 1, null, 1, null, 
588829, 5635, biology, alreadyLoaded, 2, 2, 0, duplicate context already exists in database 104755, 
588829, 5635, assay format, alreadyLoaded, 2, 2, 0, duplicate context already exists in database 104756, 
588829, 5635, assay component, success, 3, null, 3, null, 
588829, 5635, detection method type, alreadyLoaded, 2, 2, 0, duplicate context already exists in database 104758, 
588829, 5635, assay readout, alreadyLoaded, 3, 3, 0, duplicate context already exists in database 104759, 
588829, 5635, detection method, success, 2, null, 2, null, 
588829, 5635, assay footprint, alreadyLoaded, 1, 1, 0, duplicate context already exists in database 104760, 
588829, 5635, activity threshold, alreadyLoaded, 3, 3, 0, duplicate context already exists in database 104761, 
588829, 5635, number of replicates, alreadyLoaded, 2, 2, 0, duplicate context already exists in database 104762, 
588829, 5635, project lead name, alreadyLoaded, 1, 1, 0, duplicate context already exists in database 104763, 
588830, 5636, biology, success, 2, null, 2, null, 
588830, 5636, assay format, success, 2, null, 2, null, 
588830, 5636, assay component, success, 6, null, 6, null, 
588830, 5636, detection method type, success, 2, null, 2, null, 
588830, 5636, assay readout, success, 3, null, 3, null, 
588830, 5636, assay footprint, success, 1, null, 1, null, 
588830, 5636, activity threshold, success, 3, null, 3, null, 
588830, 5636, number of replicates, success, 2, null, 2, null, 
588830, 5636, project lead name, success, 1, null, 1, null, 
588830, 5636, biology, alreadyLoaded, 2, 2, 0, duplicate context already exists in database 104766, 
588830, 5636, assay format, alreadyLoaded, 2, 2, 0, duplicate context already exists in database 104767, 
588830, 5636, assay component, success, 3, null, 3, null, 
588830, 5636, detection method type, alreadyLoaded, 2, 2, 0, duplicate context already exists in database 104769, 
588830, 5636, assay readout, alreadyLoaded, 3, 3, 0, duplicate context already exists in database 104770, 
588830, 5636, detection method, success, 2, null, 2, null, 
588830, 5636, assay footprint, alreadyLoaded, 1, 1, 0, duplicate context already exists in database 104771, 
588830, 5636, activity threshold, alreadyLoaded, 3, 3, 0, duplicate context already exists in database 104772, 
588830, 5636, number of replicates, alreadyLoaded, 2, 2, 0, duplicate context already exists in database 104773, 
588830, 5636, project lead name, alreadyLoaded, 1, 1, 0, duplicate context already exists in database 104774, 
588831, 5637, biology, success, 2, null, 2, null, 
588831, 5637, assay format, success, 2, null, 2, null, 
588831, 5637, assay component, success, 6, null, 6, null, 
588831, 5637, detection method type, success, 2, null, 2, null, 
588831, 5637, assay readout, success, 3, null, 3, null, 
588831, 5637, assay footprint, success, 1, null, 1, null, 
588831, 5637, measurement wavelength, success, 2, null, 2, null, 
588831, 5637, activity threshold, success, 3, null, 3, null, 
588831, 5637, number of replicates, success, 2, null, 2, null, 
588831, 5637, project lead name, success, 1, null, 1, null, 
588831, 5637, biology, alreadyLoaded, 2, 2, 0, duplicate context already exists in database 104777, 
588831, 5637, assay format, alreadyLoaded, 2, 2, 0, duplicate context already exists in database 104778, 
588831, 5637, assay component, success, 4, null, 4, null, 
588831, 5637, detection method type, alreadyLoaded, 2, 2, 0, duplicate context already exists in database 104780, 
588831, 5637, assay readout, alreadyLoaded, 3, 3, 0, duplicate context already exists in database 104781, 
588831, 5637, assay footprint, alreadyLoaded, 1, 1, 0, duplicate context already exists in database 104782, 
588831, 5637, measurement wavelength, alreadyLoaded, 2, 2, 0, duplicate context already exists in database 104783, 
588831, 5637, activity threshold, alreadyLoaded, 3, 3, 0, duplicate context already exists in database 104784, 
588831, 5637, number of replicates, alreadyLoaded, 2, 2, 0, duplicate context already exists in database 104785, 
588831, 5637, project lead name, alreadyLoaded, 1, 1, 0, duplicate context already exists in database 104786, 
588831, 5637, biology, alreadyLoaded, 2, 2, 0, duplicate context already exists in database 104777, 
588831, 5637, assay format, alreadyLoaded, 2, 2, 0, duplicate context already exists in database 104778, 
588831, 5637, assay component, success, 6, null, 6, null, 
588831, 5637, detection method type, alreadyLoaded, 2, 2, 0, duplicate context already exists in database 104780, 
588831, 5637, assay readout, alreadyLoaded, 3, 3, 0, duplicate context already exists in database 104781, 
588831, 5637, detection method, success, 2, null, 2, null, 
588831, 5637, assay footprint, alreadyLoaded, 1, 1, 0, duplicate context already exists in database 104782, 
588831, 5637, measurement wavelength, alreadyLoaded, 2, 2, 0, duplicate context already exists in database 104783, 
588831, 5637, activity threshold, alreadyLoaded, 3, 3, 0, duplicate context already exists in database 104784, 
588831, 5637, number of replicates, alreadyLoaded, 2, 2, 0, duplicate context already exists in database 104785, 
588831, 5637, project lead name, alreadyLoaded, 1, 1, 0, duplicate context already exists in database 104786, 
588833, 5638, biology, success, 2, null, 2, null, 
588833, 5638, assay format, success, 2, null, 2, null, 
588833, 5638, assay component, success, 6, null, 6, null, 
588833, 5638, detection method type, success, 2, null, 2, null, 
588833, 5638, assay readout, success, 3, null, 3, null, 
588833, 5638, assay footprint, success, 1, null, 1, null, 
588833, 5638, measurement wavelength, success, 2, null, 2, null, 
588833, 5638, activity threshold, success, 3, null, 3, null, 
588833, 5638, number of replicates, success, 2, null, 2, null, 
588833, 5638, project lead name, success, 1, null, 1, null, 
588833, 5638, biology, alreadyLoaded, 2, 2, 0, duplicate context already exists in database 104790, 
588833, 5638, assay format, alreadyLoaded, 2, 2, 0, duplicate context already exists in database 104791, 
588833, 5638, assay component, success, 4, null, 4, null, 
588833, 5638, detection method type, alreadyLoaded, 2, 2, 0, duplicate context already exists in database 104793, 
588833, 5638, assay readout, alreadyLoaded, 3, 3, 0, duplicate context already exists in database 104794, 
588833, 5638, assay footprint, alreadyLoaded, 1, 1, 0, duplicate context already exists in database 104795, 
588833, 5638, measurement wavelength, alreadyLoaded, 2, 2, 0, duplicate context already exists in database 104796, 
588833, 5638, activity threshold, alreadyLoaded, 3, 3, 0, duplicate context already exists in database 104797, 
588833, 5638, number of replicates, alreadyLoaded, 2, 2, 0, duplicate context already exists in database 104798, 
588833, 5638, project lead name, alreadyLoaded, 1, 1, 0, duplicate context already exists in database 104799, 
588833, 5638, biology, alreadyLoaded, 2, 2, 0, duplicate context already exists in database 104790, 
588833, 5638, assay format, alreadyLoaded, 2, 2, 0, duplicate context already exists in database 104791, 
588833, 5638, assay component, success, 6, null, 6, null, 
588833, 5638, detection method type, alreadyLoaded, 2, 2, 0, duplicate context already exists in database 104793, 
588833, 5638, assay readout, alreadyLoaded, 3, 3, 0, duplicate context already exists in database 104794, 
588833, 5638, detection method, success, 2, null, 2, null, 
588833, 5638, assay footprint, alreadyLoaded, 1, 1, 0, duplicate context already exists in database 104795, 
588833, 5638, measurement wavelength, alreadyLoaded, 2, 2, 0, duplicate context already exists in database 104796, 
588833, 5638, activity threshold, alreadyLoaded, 3, 3, 0, duplicate context already exists in database 104797, 
588833, 5638, number of replicates, alreadyLoaded, 2, 2, 0, duplicate context already exists in database 104798, 
588833, 5638, project lead name, alreadyLoaded, 1, 1, 0, duplicate context already exists in database 104799, 
588836, 5639, biology, success, 2, null, 2, null, 
588836, 5639, assay format, success, 2, null, 2, null, 
588836, 5639, assay component, success, 6, null, 6, null, 
588836, 5639, detection method type, success, 1, null, 1, null, 
588836, 5639, assay readout, success, 3, null, 3, null, 
588836, 5639, assay footprint, success, 1, null, 1, null, 
588836, 5639, activity threshold, success, 3, null, 3, null, 
588836, 5639, number of replicates, success, 2, null, 2, null, 
588836, 5639, project lead name, success, 1, null, 1, null, 
588836, 5639, biology, alreadyLoaded, 2, 2, 0, duplicate context already exists in database 104803, 
588836, 5639, assay format, alreadyLoaded, 2, 2, 0, duplicate context already exists in database 104804, 
588836, 5639, assay component, success, 5, null, 5, null, 
588836, 5639, detection method type, alreadyLoaded, 1, 1, 0, duplicate context already exists in database 104806, 
588836, 5639, assay readout, alreadyLoaded, 3, 3, 0, duplicate context already exists in database 104807, 
588836, 5639, detection method, success, 2, null, 2, null, 
588836, 5639, assay footprint, alreadyLoaded, 1, 1, 0, duplicate context already exists in database 104808, 
588836, 5639, activity threshold, alreadyLoaded, 3, 3, 0, duplicate context already exists in database 104809, 
588836, 5639, number of replicates, alreadyLoaded, 2, 2, 0, duplicate context already exists in database 104810, 
588836, 5639, project lead name, alreadyLoaded, 1, 1, 0, duplicate context already exists in database 104811, 
588837, 5640, biology, success, 2, null, 2, null, 
588837, 5640, assay format, success, 2, null, 2, null, 
588837, 5640, assay component, success, 6, null, 6, null, 
588837, 5640, detection method type, success, 1, null, 1, null, 
588837, 5640, assay readout, success, 3, null, 3, null, 
588837, 5640, assay footprint, success, 1, null, 1, null, 
588837, 5640, activity threshold, success, 3, null, 3, null, 
588837, 5640, number of replicates, success, 2, null, 2, null, 
588837, 5640, project lead name, success, 1, null, 1, null, 
588837, 5640, biology, alreadyLoaded, 2, 2, 0, duplicate context already exists in database 104814, 
588837, 5640, assay format, alreadyLoaded, 2, 2, 0, duplicate context already exists in database 104815, 
588837, 5640, assay component, success, 5, null, 5, null, 
588837, 5640, detection method type, alreadyLoaded, 1, 1, 0, duplicate context already exists in database 104817, 
588837, 5640, assay readout, alreadyLoaded, 3, 3, 0, duplicate context already exists in database 104818, 
588837, 5640, detection method, success, 2, null, 2, null, 
588837, 5640, assay footprint, alreadyLoaded, 1, 1, 0, duplicate context already exists in database 104819, 
588837, 5640, activity threshold, alreadyLoaded, 3, 3, 0, duplicate context already exists in database 104820, 
588837, 5640, number of replicates, alreadyLoaded, 2, 2, 0, duplicate context already exists in database 104821, 
588837, 5640, project lead name, alreadyLoaded, 1, 1, 0, duplicate context already exists in database 104822, 
588842, 5642, biology, success, 2, null, 2, null, 
588842, 5642, assay format, success, 2, null, 2, null, 
588842, 5642, assay component, success, 6, null, 6, null, 
588842, 5642, detection method type, success, 2, null, 2, null, 
588842, 5642, assay readout, success, 3, null, 3, null, 
588842, 5642, assay footprint, success, 1, null, 1, null, 
588842, 5642, activity threshold, success, 3, null, 3, null, 
588842, 5642, number of replicates, success, 2, null, 2, null, 
588842, 5642, project lead name, success, 1, null, 1, null, 
588842, 5642, biology, alreadyLoaded, 2, 2, 0, duplicate context already exists in database 104825, 
588842, 5642, assay format, alreadyLoaded, 2, 2, 0, duplicate context already exists in database 104826, 
588842, 5642, assay component, success, 3, null, 3, null, 
588842, 5642, detection method type, alreadyLoaded, 2, 2, 0, duplicate context already exists in database 104828, 
588842, 5642, assay readout, alreadyLoaded, 3, 3, 0, duplicate context already exists in database 104829, 
588842, 5642, detection method, success, 2, null, 2, null, 
588842, 5642, assay footprint, alreadyLoaded, 1, 1, 0, duplicate context already exists in database 104830, 
588842, 5642, activity threshold, alreadyLoaded, 3, 3, 0, duplicate context already exists in database 104831, 
588842, 5642, number of replicates, alreadyLoaded, 2, 2, 0, duplicate context already exists in database 104832, 
588842, 5642, project lead name, alreadyLoaded, 1, 1, 0, duplicate context already exists in database 104833, 
588843, 5643, biology, success, 2, null, 2, null, 
588843, 5643, assay format, success, 2, null, 2, null, 
588843, 5643, assay component, success, 6, null, 6, null, 
588843, 5643, detection method type, success, 1, null, 1, null, 
588843, 5643, assay readout, success, 3, null, 3, null, 
588843, 5643, assay footprint, success, 1, null, 1, null, 
588843, 5643, activity threshold, success, 3, null, 3, null, 
588843, 5643, number of replicates, success, 2, null, 2, null, 
588843, 5643, project lead name, success, 1, null, 1, null, 
588843, 5643, biology, alreadyLoaded, 2, 2, 0, duplicate context already exists in database 104836, 
588843, 5643, assay format, alreadyLoaded, 2, 2, 0, duplicate context already exists in database 104837, 
588843, 5643, assay component, success, 5, null, 5, null, 
588843, 5643, detection method type, alreadyLoaded, 1, 1, 0, duplicate context already exists in database 104839, 
588843, 5643, assay readout, alreadyLoaded, 3, 3, 0, duplicate context already exists in database 104840, 
588843, 5643, detection method, success, 2, null, 2, null, 
588843, 5643, assay footprint, alreadyLoaded, 1, 1, 0, duplicate context already exists in database 104841, 
588843, 5643, activity threshold, alreadyLoaded, 3, 3, 0, duplicate context already exists in database 104842, 
588843, 5643, number of replicates, alreadyLoaded, 2, 2, 0, duplicate context already exists in database 104843, 
588843, 5643, project lead name, alreadyLoaded, 1, 1, 0, duplicate context already exists in database 104844, 
602126, 5644, biology, success, 2, null, 2, null, 
602126, 5644, assay format, success, 2, null, 2, null, 
602126, 5644, assay component, success, 6, null, 6, null, 
602126, 5644, detection method type, success, 2, null, 2, null, 
602126, 5644, assay readout, success, 3, null, 3, null, 
602126, 5644, assay footprint, success, 1, null, 1, null, 
602126, 5644, activity threshold, success, 3, null, 3, null, 
602126, 5644, number of replicates, success, 2, null, 2, null, 
602126, 5644, project lead name, success, 1, null, 1, null, 
602126, 5644, biology, alreadyLoaded, 2, 2, 0, duplicate context already exists in database 104847, 
602126, 5644, assay format, alreadyLoaded, 2, 2, 0, duplicate context already exists in database 104848, 
602126, 5644, assay component, success, 3, null, 3, null, 
602126, 5644, detection method type, alreadyLoaded, 2, 2, 0, duplicate context already exists in database 104850, 
602126, 5644, assay readout, alreadyLoaded, 3, 3, 0, duplicate context already exists in database 104851, 
602126, 5644, detection method, success, 2, null, 2, null, 
602126, 5644, assay footprint, alreadyLoaded, 1, 1, 0, duplicate context already exists in database 104852, 
602126, 5644, activity threshold, alreadyLoaded, 3, 3, 0, duplicate context already exists in database 104853, 
602126, 5644, number of replicates, alreadyLoaded, 2, 2, 0, duplicate context already exists in database 104854, 
602126, 5644, project lead name, alreadyLoaded, 1, 1, 0, duplicate context already exists in database 104855, 
602134, 5987, biology, success, 2, null, 2, null, 
602134, 5987, assay format, success, 2, null, 2, null, 
602134, 5987, assay component, success, 6, null, 6, null, 
602134, 5987, detection method type, success, 2, null, 2, null, 
602134, 5987, assay readout, success, 2, null, 2, null, 
602134, 5987, assay footprint, success, 1, null, 1, null, 
602134, 5987, measurement wavelength, success, 2, null, 2, null, 
602134, 5987, activity threshold, success, 3, null, 3, null, 
602134, 5987, number of replicates, success, 2, null, 2, null, 
602134, 5987, project lead name, success, 1, null, 1, null, 
602134, 5987, biology, alreadyLoaded, 2, 2, 0, duplicate context already exists in database 104858, 
602134, 5987, assay format, alreadyLoaded, 2, 2, 0, duplicate context already exists in database 104859, 
602134, 5987, assay component, success, 5, null, 5, null, 
602134, 5987, detection method type, alreadyLoaded, 2, 2, 0, duplicate context already exists in database 104861, 
602134, 5987, assay readout, alreadyLoaded, 2, 2, 0, duplicate context already exists in database 104862, 
602134, 5987, detection method, success, 2, null, 2, null, 
602134, 5987, assay footprint, alreadyLoaded, 1, 1, 0, duplicate context already exists in database 104863, 
602134, 5987, measurement wavelength, alreadyLoaded, 2, 2, 0, duplicate context already exists in database 104864, 
602134, 5987, activity threshold, alreadyLoaded, 3, 3, 0, duplicate context already exists in database 104865, 
602134, 5987, number of replicates, alreadyLoaded, 2, 2, 0, duplicate context already exists in database 104866, 
602134, 5987, project lead name, alreadyLoaded, 1, 1, 0, duplicate context already exists in database 104867, 
602138, 5998, biology, success, 2, null, 2, null, 
602138, 5998, assay format, success, 2, null, 2, null, 
602138, 5998, assay component, success, 6, null, 6, null, 
602138, 5998, detection method type, success, 1, null, 1, null, 
602138, 5998, assay readout, success, 3, null, 3, null, 
602138, 5998, assay footprint, success, 1, null, 1, null, 
602138, 5998, activity threshold, success, 3, null, 3, null, 
602138, 5998, number of replicates, success, 2, null, 2, null, 
602138, 5998, project lead name, success, 1, null, 1, null, 
602138, 5998, biology, alreadyLoaded, 2, 2, 0, duplicate context already exists in database 104870, 
602138, 5998, assay format, alreadyLoaded, 2, 2, 0, duplicate context already exists in database 104871, 
602138, 5998, assay component, success, 5, null, 5, null, 
602138, 5998, detection method type, alreadyLoaded, 1, 1, 0, duplicate context already exists in database 104873, 
602138, 5998, assay readout, alreadyLoaded, 3, 3, 0, duplicate context already exists in database 104874, 
602138, 5998, detection method, success, 2, null, 2, null, 
602138, 5998, assay footprint, alreadyLoaded, 1, 1, 0, duplicate context already exists in database 104875, 
602138, 5998, activity threshold, alreadyLoaded, 3, 3, 0, duplicate context already exists in database 104876, 
602138, 5998, number of replicates, alreadyLoaded, 2, 2, 0, duplicate context already exists in database 104877, 
602138, 5998, project lead name, alreadyLoaded, 1, 1, 0, duplicate context already exists in database 104878, 
602152, 6030, biology, success, 2, null, 2, null, 
602152, 6030, assay format, success, 2, null, 2, null, 
602152, 6030, assay component, success, 6, null, 6, null, 
602152, 6030, detection method type, success, 1, null, 1, null, 
602152, 6030, assay readout, success, 3, null, 3, null, 
602152, 6030, assay footprint, success, 1, null, 1, null, 
602152, 6030, activity threshold, success, 3, null, 3, null, 
602152, 6030, number of replicates, success, 2, null, 2, null, 
602152, 6030, project lead name, success, 1, null, 1, null, 
602152, 6030, biology, alreadyLoaded, 2, 2, 0, duplicate context already exists in database 104881, 
602152, 6030, assay format, alreadyLoaded, 2, 2, 0, duplicate context already exists in database 104882, 
602152, 6030, assay component, success, 5, null, 5, null, 
602152, 6030, detection method type, alreadyLoaded, 1, 1, 0, duplicate context already exists in database 104884, 
602152, 6030, assay readout, alreadyLoaded, 3, 3, 0, duplicate context already exists in database 104885, 
602152, 6030, detection method, success, 2, null, 2, null, 
602152, 6030, assay footprint, alreadyLoaded, 1, 1, 0, duplicate context already exists in database 104886, 
602152, 6030, activity threshold, alreadyLoaded, 3, 3, 0, duplicate context already exists in database 104887, 
602152, 6030, number of replicates, alreadyLoaded, 2, 2, 0, duplicate context already exists in database 104888, 
602152, 6030, project lead name, alreadyLoaded, 1, 1, 0, duplicate context already exists in database 104889, 
602154, 5645, biology, success, 2, null, 2, null, 
602154, 5645, assay format, success, 2, null, 2, null, 
602154, 5645, assay component, success, 6, null, 6, null, 
602154, 5645, detection method type, success, 2, null, 2, null, 
602154, 5645, assay readout, success, 3, null, 3, null, 
602154, 5645, assay footprint, success, 1, null, 1, null, 
602154, 5645, measurement wavelength, success, 2, null, 2, null, 
602154, 5645, activity threshold, success, 3, null, 3, null, 
602154, 5645, number of replicates, success, 2, null, 2, null, 
602154, 5645, project lead name, success, 1, null, 1, null, 
602154, 5645, biology, alreadyLoaded, 2, 2, 0, duplicate context already exists in database 104892, 
602154, 5645, assay format, alreadyLoaded, 2, 2, 0, duplicate context already exists in database 104893, 
602154, 5645, assay component, success, 4, null, 4, null, 
602154, 5645, detection method type, alreadyLoaded, 2, 2, 0, duplicate context already exists in database 104895, 
602154, 5645, assay readout, alreadyLoaded, 3, 3, 0, duplicate context already exists in database 104896, 
602154, 5645, assay footprint, alreadyLoaded, 1, 1, 0, duplicate context already exists in database 104897, 
602154, 5645, measurement wavelength, alreadyLoaded, 2, 2, 0, duplicate context already exists in database 104898, 
602154, 5645, activity threshold, alreadyLoaded, 3, 3, 0, duplicate context already exists in database 104899, 
602154, 5645, number of replicates, alreadyLoaded, 2, 2, 0, duplicate context already exists in database 104900, 
602154, 5645, project lead name, alreadyLoaded, 1, 1, 0, duplicate context already exists in database 104901, 
602154, 5645, biology, alreadyLoaded, 2, 2, 0, duplicate context already exists in database 104892, 
602154, 5645, assay format, alreadyLoaded, 2, 2, 0, duplicate context already exists in database 104893, 
602154, 5645, assay component, success, 6, null, 6, null, 
602154, 5645, detection method type, alreadyLoaded, 2, 2, 0, duplicate context already exists in database 104895, 
602154, 5645, assay readout, alreadyLoaded, 3, 3, 0, duplicate context already exists in database 104896, 
602154, 5645, detection method, success, 2, null, 2, null, 
602154, 5645, assay footprint, alreadyLoaded, 1, 1, 0, duplicate context already exists in database 104897, 
602154, 5645, measurement wavelength, alreadyLoaded, 2, 2, 0, duplicate context already exists in database 104898, 
602154, 5645, activity threshold, alreadyLoaded, 3, 3, 0, duplicate context already exists in database 104899, 
602154, 5645, number of replicates, alreadyLoaded, 2, 2, 0, duplicate context already exists in database 104900, 
602154, 5645, project lead name, alreadyLoaded, 1, 1, 0, duplicate context already exists in database 104901, 
602155, 5646, biology, success, 2, null, 2, null, 
602155, 5646, assay format, success, 2, null, 2, null, 
602155, 5646, assay component, success, 5, null, 5, null, 
602155, 5646, detection method type, success, 1, null, 1, null, 
602155, 5646, assay readout, success, 3, null, 3, null, 
602155, 5646, detection method, success, 2, null, 2, null, 
602155, 5646, activity threshold, success, 3, null, 3, null, 
602155, 5646, number of replicates, success, 2, null, 2, null, 
602155, 5646, project lead name, success, 1, null, 1, null, 
602155, 5646, biology, alreadyLoaded, 2, 2, 0, duplicate context already exists in database 104905, 
602155, 5646, assay format, alreadyLoaded, 2, 2, 0, duplicate context already exists in database 104906, 
602155, 5646, assay component, success, 3, null, 3, null, 
602155, 5646, detection method type, alreadyLoaded, 1, 1, 0, duplicate context already exists in database 104908, 
602155, 5646, assay readout, alreadyLoaded, 3, 3, 0, duplicate context already exists in database 104909, 
602155, 5646, detection method, alreadyLoaded, 2, 2, 0, duplicate context already exists in database 104910, 
602155, 5646, activity threshold, alreadyLoaded, 3, 3, 0, duplicate context already exists in database 104911, 
602155, 5646, number of replicates, alreadyLoaded, 2, 2, 0, duplicate context already exists in database 104912, 
602155, 5646, project lead name, alreadyLoaded, 1, 1, 0, duplicate context already exists in database 104913, 
602285, 5978, biology, success, 2, null, 2, null, 
602285, 5978, assay format, success, 2, null, 2, null, 
602285, 5978, assay component, success, 6, null, 6, null, 
602285, 5978, detection method type, success, 2, null, 2, null, 
602285, 5978, assay readout, success, 3, null, 3, null, 
602285, 5978, assay footprint, success, 1, null, 1, null, 
602285, 5978, measurement wavelength, success, 2, null, 2, null, 
602285, 5978, activity threshold, success, 3, null, 3, null, 
602285, 5978, number of replicates, success, 2, null, 2, null, 
602285, 5978, project lead name, success, 1, null, 1, null, 
602285, 5978, biology, alreadyLoaded, 2, 2, 0, duplicate context already exists in database 104915, 
602285, 5978, assay format, alreadyLoaded, 2, 2, 0, duplicate context already exists in database 104916, 
602285, 5978, assay component, success, 4, null, 4, null, 
602285, 5978, detection method type, alreadyLoaded, 2, 2, 0, duplicate context already exists in database 104918, 
602285, 5978, assay readout, alreadyLoaded, 3, 3, 0, duplicate context already exists in database 104919, 
602285, 5978, assay footprint, alreadyLoaded, 1, 1, 0, duplicate context already exists in database 104920, 
602285, 5978, measurement wavelength, alreadyLoaded, 2, 2, 0, duplicate context already exists in database 104921, 
602285, 5978, activity threshold, alreadyLoaded, 3, 3, 0, duplicate context already exists in database 104922, 
602285, 5978, number of replicates, alreadyLoaded, 2, 2, 0, duplicate context already exists in database 104923, 
602285, 5978, project lead name, alreadyLoaded, 1, 1, 0, duplicate context already exists in database 104924, 
602285, 5978, biology, alreadyLoaded, 2, 2, 0, duplicate context already exists in database 104915, 
602285, 5978, assay format, alreadyLoaded, 2, 2, 0, duplicate context already exists in database 104916, 
602285, 5978, assay component, success, 6, null, 6, null, 
602285, 5978, detection method type, alreadyLoaded, 2, 2, 0, duplicate context already exists in database 104918, 
602285, 5978, assay readout, alreadyLoaded, 3, 3, 0, duplicate context already exists in database 104919, 
602285, 5978, detection method, success, 2, null, 2, null, 
602285, 5978, assay footprint, alreadyLoaded, 1, 1, 0, duplicate context already exists in database 104920, 
602285, 5978, measurement wavelength, alreadyLoaded, 2, 2, 0, duplicate context already exists in database 104921, 
602285, 5978, activity threshold, alreadyLoaded, 3, 3, 0, duplicate context already exists in database 104922, 
602285, 5978, number of replicates, alreadyLoaded, 2, 2, 0, duplicate context already exists in database 104923, 
602285, 5978, project lead name, alreadyLoaded, 1, 1, 0, duplicate context already exists in database 104924, 
623880, 5962, biology, success, 2, null, 2, null, 
623880, 5962, assay format, success, 2, null, 2, null, 
623880, 5962, assay component, success, 6, null, 6, null, 
623880, 5962, detection method type, success, 2, null, 2, null, 
623880, 5962, assay readout, success, 3, null, 3, null, 
623880, 5962, assay footprint, success, 1, null, 1, null, 
623880, 5962, measurement wavelength, success, 2, null, 2, null, 
623880, 5962, activity threshold, success, 3, null, 3, null, 
623880, 5962, number of replicates, success, 2, null, 2, null, 
623880, 5962, project lead name, success, 1, null, 1, null, 
623880, 5962, biology, alreadyLoaded, 2, 2, 0, duplicate context already exists in database 104928, 
623880, 5962, assay format, alreadyLoaded, 2, 2, 0, duplicate context already exists in database 104929, 
623880, 5962, assay component, success, 4, null, 4, null, 
623880, 5962, detection method type, alreadyLoaded, 2, 2, 0, duplicate context already exists in database 104931, 
623880, 5962, assay readout, alreadyLoaded, 3, 3, 0, duplicate context already exists in database 104932, 
623880, 5962, assay footprint, alreadyLoaded, 1, 1, 0, duplicate context already exists in database 104933, 
623880, 5962, measurement wavelength, alreadyLoaded, 2, 2, 0, duplicate context already exists in database 104934, 
623880, 5962, activity threshold, alreadyLoaded, 3, 3, 0, duplicate context already exists in database 104935, 
623880, 5962, number of replicates, alreadyLoaded, 2, 2, 0, duplicate context already exists in database 104936, 
623880, 5962, project lead name, alreadyLoaded, 1, 1, 0, duplicate context already exists in database 104937, 
623880, 5962, biology, alreadyLoaded, 2, 2, 0, duplicate context already exists in database 104928, 
623880, 5962, assay format, alreadyLoaded, 2, 2, 0, duplicate context already exists in database 104929, 
623880, 5962, assay component, success, 6, null, 6, null, 
623880, 5962, detection method type, alreadyLoaded, 2, 2, 0, duplicate context already exists in database 104931, 
623880, 5962, assay readout, alreadyLoaded, 3, 3, 0, duplicate context already exists in database 104932, 
623880, 5962, detection method, success, 2, null, 2, null, 
623880, 5962, assay footprint, alreadyLoaded, 1, 1, 0, duplicate context already exists in database 104933, 
623880, 5962, measurement wavelength, alreadyLoaded, 2, 2, 0, duplicate context already exists in database 104934, 
623880, 5962, activity threshold, alreadyLoaded, 3, 3, 0, duplicate context already exists in database 104935, 
623880, 5962, number of replicates, alreadyLoaded, 2, 2, 0, duplicate context already exists in database 104936, 
623880, 5962, project lead name, alreadyLoaded, 1, 1, 0, duplicate context already exists in database 104937, 
623895, 5989, biology, success, 2, null, 2, null, 
623895, 5989, assay format, success, 2, null, 2, null, 
623895, 5989, assay component, success, 6, null, 6, null, 
623895, 5989, detection method type, success, 2, null, 2, null, 
623895, 5989, assay readout, success, 3, null, 3, null, 
623895, 5989, assay footprint, success, 1, null, 1, null, 
623895, 5989, activity threshold, success, 3, null, 3, null, 
623895, 5989, number of replicates, success, 2, null, 2, null, 
623895, 5989, project lead name, success, 1, null, 1, null, 
623895, 5989, biology, alreadyLoaded, 2, 2, 0, duplicate context already exists in database 104941, 
623895, 5989, assay format, alreadyLoaded, 2, 2, 0, duplicate context already exists in database 104942, 
623895, 5989, assay component, success, 2, null, 2, null, 
623895, 5989, detection method type, alreadyLoaded, 2, 2, 0, duplicate context already exists in database 104944, 
623895, 5989, assay readout, alreadyLoaded, 3, 3, 0, duplicate context already exists in database 104945, 
623895, 5989, detection method, success, 2, null, 2, null, 
623895, 5989, assay footprint, alreadyLoaded, 1, 1, 0, duplicate context already exists in database 104946, 
623895, 5989, activity threshold, alreadyLoaded, 3, 3, 0, duplicate context already exists in database 104947, 
623895, 5989, number of replicates, alreadyLoaded, 2, 2, 0, duplicate context already exists in database 104948, 
623895, 5989, project lead name, alreadyLoaded, 1, 1, 0, duplicate context already exists in database 104949, 
624007, 6023, biology, success, 2, null, 2, null, 
624007, 6023, assay format, success, 2, null, 2, null, 
624007, 6023, assay component, success, 6, null, 6, null, 
624007, 6023, detection method type, success, 2, null, 2, null, 
624007, 6023, assay readout, success, 3, null, 3, null, 
624007, 6023, assay footprint, success, 1, null, 1, null, 
624007, 6023, measurement wavelength, success, 2, null, 2, null, 
624007, 6023, activity threshold, success, 3, null, 3, null, 
624007, 6023, number of replicates, success, 2, null, 2, null, 
624007, 6023, project lead name, success, 1, null, 1, null, 
624007, 6023, biology, alreadyLoaded, 2, 2, 0, duplicate context already exists in database 104952, 
624007, 6023, assay format, alreadyLoaded, 2, 2, 0, duplicate context already exists in database 104953, 
624007, 6023, assay component, success, 4, null, 4, null, 
624007, 6023, detection method type, alreadyLoaded, 2, 2, 0, duplicate context already exists in database 104955, 
624007, 6023, assay readout, alreadyLoaded, 3, 3, 0, duplicate context already exists in database 104956, 
624007, 6023, assay footprint, alreadyLoaded, 1, 1, 0, duplicate context already exists in database 104957, 
624007, 6023, measurement wavelength, alreadyLoaded, 2, 2, 0, duplicate context already exists in database 104958, 
624007, 6023, activity threshold, alreadyLoaded, 3, 3, 0, duplicate context already exists in database 104959, 
624007, 6023, number of replicates, alreadyLoaded, 2, 2, 0, duplicate context already exists in database 104960, 
624007, 6023, project lead name, alreadyLoaded, 1, 1, 0, duplicate context already exists in database 104961, 
624010, 6024, biology, success, 2, null, 2, null, 
624010, 6024, assay format, success, 2, null, 2, null, 
624010, 6024, assay component, success, 6, null, 6, null, 
624010, 6024, detection method type, success, 1, null, 1, null, 
624010, 6024, assay readout, success, 3, null, 3, null, 
624010, 6024, assay footprint, success, 1, null, 1, null, 
624010, 6024, activity threshold, success, 3, null, 3, null, 
624010, 6024, number of replicates, success, 2, null, 2, null, 
624010, 6024, project lead name, success, 1, null, 1, null, 
624010, 6024, biology, alreadyLoaded, 2, 2, 0, duplicate context already exists in database 104963, 
624010, 6024, assay format, alreadyLoaded, 2, 2, 0, duplicate context already exists in database 104964, 
624010, 6024, assay component, success, 5, null, 5, null, 
624010, 6024, detection method type, alreadyLoaded, 1, 1, 0, duplicate context already exists in database 104966, 
624010, 6024, assay readout, alreadyLoaded, 3, 3, 0, duplicate context already exists in database 104967, 
624010, 6024, detection method, success, 2, null, 2, null, 
624010, 6024, assay footprint, alreadyLoaded, 1, 1, 0, duplicate context already exists in database 104968, 
624010, 6024, activity threshold, alreadyLoaded, 3, 3, 0, duplicate context already exists in database 104969, 
624010, 6024, number of replicates, alreadyLoaded, 2, 2, 0, duplicate context already exists in database 104970, 
624010, 6024, project lead name, alreadyLoaded, 1, 1, 0, duplicate context already exists in database 104971, 
624015, 6029, biology, success, 2, null, 2, null, 
624015, 6029, assay format, success, 2, null, 2, null, 
624015, 6029, assay component, success, 6, null, 6, null, 
624015, 6029, detection method type, success, 1, null, 1, null, 
624015, 6029, assay readout, success, 3, null, 3, null, 
624015, 6029, assay footprint, success, 1, null, 1, null, 
624015, 6029, activity threshold, success, 3, null, 3, null, 
624015, 6029, number of replicates, success, 2, null, 2, null, 
624015, 6029, project lead name, success, 1, null, 1, null, 
624015, 6029, biology, alreadyLoaded, 2, 2, 0, duplicate context already exists in database 104974, 
624015, 6029, assay format, alreadyLoaded, 2, 2, 0, duplicate context already exists in database 104975, 
624015, 6029, assay component, success, 5, null, 5, null, 
624015, 6029, detection method type, alreadyLoaded, 1, 1, 0, duplicate context already exists in database 104977, 
624015, 6029, assay readout, alreadyLoaded, 3, 3, 0, duplicate context already exists in database 104978, 
624015, 6029, detection method, success, 2, null, 2, null, 
624015, 6029, assay footprint, alreadyLoaded, 1, 1, 0, duplicate context already exists in database 104979, 
624015, 6029, activity threshold, alreadyLoaded, 3, 3, 0, duplicate context already exists in database 104980, 
624015, 6029, number of replicates, alreadyLoaded, 2, 2, 0, duplicate context already exists in database 104981, 
624015, 6029, project lead name, alreadyLoaded, 1, 1, 0, duplicate context already exists in database 104982, 
624017, 5934, biology, success, 2, null, 2, null, 
624017, 5934, assay format, success, 2, null, 2, null, 
624017, 5934, assay component, success, 6, null, 6, null, 
624017, 5934, detection method type, success, 1, null, 1, null, 
624017, 5934, assay readout, success, 3, null, 3, null, 
624017, 5934, assay footprint, success, 1, null, 1, null, 
624017, 5934, activity threshold, success, 3, null, 3, null, 
624017, 5934, number of replicates, success, 2, null, 2, null, 
624017, 5934, project lead name, success, 1, null, 1, null, 
624017, 5934, biology, alreadyLoaded, 2, 2, 0, duplicate context already exists in database 104985, 
624017, 5934, assay format, alreadyLoaded, 2, 2, 0, duplicate context already exists in database 104986, 
624017, 5934, assay component, success, 5, null, 5, null, 
624017, 5934, detection method type, alreadyLoaded, 1, 1, 0, duplicate context already exists in database 104988, 
624017, 5934, assay readout, alreadyLoaded, 3, 3, 0, duplicate context already exists in database 104989, 
624017, 5934, detection method, success, 2, null, 2, null, 
624017, 5934, assay footprint, alreadyLoaded, 1, 1, 0, duplicate context already exists in database 104990, 
624017, 5934, activity threshold, alreadyLoaded, 3, 3, 0, duplicate context already exists in database 104991, 
624017, 5934, number of replicates, alreadyLoaded, 2, 2, 0, duplicate context already exists in database 104992, 
624017, 5934, project lead name, alreadyLoaded, 1, 1, 0, duplicate context already exists in database 104993, 
624022, 5981, biology, success, 2, null, 2, null, 
624022, 5981, assay format, success, 2, null, 2, null, 
624022, 5981, assay component, success, 6, null, 6, null, 
624022, 5981, detection method type, success, 1, null, 1, null, 
624022, 5981, assay readout, success, 3, null, 3, null, 
624022, 5981, assay footprint, success, 1, null, 1, null, 
624022, 5981, activity threshold, success, 3, null, 3, null, 
624022, 5981, number of replicates, success, 2, null, 2, null, 
624022, 5981, project lead name, success, 1, null, 1, null, 
624022, 5981, biology, alreadyLoaded, 2, 2, 0, duplicate context already exists in database 104996, 
624022, 5981, assay format, alreadyLoaded, 2, 2, 0, duplicate context already exists in database 104997, 
624022, 5981, assay component, success, 5, null, 5, null, 
624022, 5981, detection method type, alreadyLoaded, 1, 1, 0, duplicate context already exists in database 104999, 
624022, 5981, assay readout, alreadyLoaded, 3, 3, 0, duplicate context already exists in database 105000, 
624022, 5981, detection method, success, 2, null, 2, null, 
624022, 5981, assay footprint, alreadyLoaded, 1, 1, 0, duplicate context already exists in database 105001, 
624022, 5981, activity threshold, alreadyLoaded, 3, 3, 0, duplicate context already exists in database 105002, 
624022, 5981, number of replicates, alreadyLoaded, 2, 2, 0, duplicate context already exists in database 105003, 
624022, 5981, project lead name, alreadyLoaded, 1, 1, 0, duplicate context already exists in database 105004, 
624024, 5982, biology, success, 2, null, 2, null, 
624024, 5982, assay format, success, 2, null, 2, null, 
624024, 5982, assay component, success, 6, null, 6, null, 
624024, 5982, detection method type, success, 2, null, 2, null, 
624024, 5982, assay readout, success, 3, null, 3, null, 
624024, 5982, assay footprint, success, 1, null, 1, null, 
624024, 5982, measurement wavelength, success, 2, null, 2, null, 
624024, 5982, activity threshold, success, 3, null, 3, null, 
624024, 5982, number of replicates, success, 2, null, 2, null, 
624024, 5982, project lead name, success, 1, null, 1, null, 
624024, 5982, biology, alreadyLoaded, 2, 2, 0, duplicate context already exists in database 105007, 
624024, 5982, assay format, alreadyLoaded, 2, 2, 0, duplicate context already exists in database 105008, 
624024, 5982, assay component, success, 4, null, 4, null, 
624024, 5982, detection method type, alreadyLoaded, 2, 2, 0, duplicate context already exists in database 105010, 
624024, 5982, assay readout, alreadyLoaded, 3, 3, 0, duplicate context already exists in database 105011, 
624024, 5982, assay footprint, alreadyLoaded, 1, 1, 0, duplicate context already exists in database 105012, 
624024, 5982, measurement wavelength, alreadyLoaded, 2, 2, 0, duplicate context already exists in database 105013, 
624024, 5982, activity threshold, alreadyLoaded, 3, 3, 0, duplicate context already exists in database 105014, 
624024, 5982, number of replicates, alreadyLoaded, 2, 2, 0, duplicate context already exists in database 105015, 
624024, 5982, project lead name, alreadyLoaded, 1, 1, 0, duplicate context already exists in database 105016, 
624024, 5982, biology, alreadyLoaded, 2, 2, 0, duplicate context already exists in database 105007, 
624024, 5982, assay format, alreadyLoaded, 2, 2, 0, duplicate context already exists in database 105008, 
624024, 5982, assay component, success, 6, null, 6, null, 
624024, 5982, detection method type, alreadyLoaded, 2, 2, 0, duplicate context already exists in database 105010, 
624024, 5982, assay readout, alreadyLoaded, 3, 3, 0, duplicate context already exists in database 105011, 
624024, 5982, detection method, success, 2, null, 2, null, 
624024, 5982, assay footprint, alreadyLoaded, 1, 1, 0, duplicate context already exists in database 105012, 
624024, 5982, measurement wavelength, alreadyLoaded, 2, 2, 0, duplicate context already exists in database 105013, 
624024, 5982, activity threshold, alreadyLoaded, 3, 3, 0, duplicate context already exists in database 105014, 
624024, 5982, number of replicates, alreadyLoaded, 2, 2, 0, duplicate context already exists in database 105015, 
624024, 5982, project lead name, alreadyLoaded, 1, 1, 0, duplicate context already exists in database 105016, 
624026, 5984, biology, success, 2, null, 2, null, 
624026, 5984, assay format, success, 2, null, 2, null, 
624026, 5984, assay component, success, 6, null, 6, null, 
624026, 5984, detection method type, success, 2, null, 2, null, 
624026, 5984, assay readout, success, 3, null, 3, null, 
624026, 5984, assay footprint, success, 1, null, 1, null, 
624026, 5984, activity threshold, success, 3, null, 3, null, 
624026, 5984, number of replicates, success, 2, null, 2, null, 
624026, 5984, project lead name, success, 1, null, 1, null, 
624026, 5984, biology, alreadyLoaded, 2, 2, 0, duplicate context already exists in database 105020, 
624026, 5984, assay format, alreadyLoaded, 2, 2, 0, duplicate context already exists in database 105021, 
624026, 5984, assay component, success, 2, null, 2, null, 
624026, 5984, detection method type, alreadyLoaded, 2, 2, 0, duplicate context already exists in database 105023, 
624026, 5984, assay readout, alreadyLoaded, 3, 3, 0, duplicate context already exists in database 105024, 
624026, 5984, detection method, success, 2, null, 2, null, 
624026, 5984, assay footprint, alreadyLoaded, 1, 1, 0, duplicate context already exists in database 105025, 
624026, 5984, activity threshold, alreadyLoaded, 3, 3, 0, duplicate context already exists in database 105026, 
624026, 5984, number of replicates, alreadyLoaded, 2, 2, 0, duplicate context already exists in database 105027, 
624026, 5984, project lead name, alreadyLoaded, 1, 1, 0, duplicate context already exists in database 105028, 
624029, 5986, biology, success, 2, null, 2, null, 
624029, 5986, assay format, success, 2, null, 2, null, 
624029, 5986, assay component, success, 6, null, 6, null, 
624029, 5986, detection method type, success, 2, null, 2, null, 
624029, 5986, assay readout, success, 3, null, 3, null, 
624029, 5986, detection method, success, 2, null, 2, null, 
624029, 5986, assay footprint, success, 1, null, 1, null, 
624029, 5986, measurement wavelength, success, 2, null, 2, null, 
624029, 5986, activity threshold, success, 3, null, 3, null, 
624029, 5986, number of replicates, success, 2, null, 2, null, 
624029, 5986, project lead name, success, 1, null, 1, null, 
624029, 5986, biology, alreadyLoaded, 2, 2, 0, duplicate context already exists in database 105031, 
624029, 5986, assay format, alreadyLoaded, 2, 2, 0, duplicate context already exists in database 105032, 
624029, 5986, assay component, success, 6, null, 6, null, 
624029, 5986, detection method type, alreadyLoaded, 2, 2, 0, duplicate context already exists in database 105034, 
624029, 5986, assay readout, alreadyLoaded, 3, 3, 0, duplicate context already exists in database 105035, 
624029, 5986, assay footprint, alreadyLoaded, 1, 1, 0, duplicate context already exists in database 105037, 
624029, 5986, measurement wavelength, alreadyLoaded, 2, 2, 0, duplicate context already exists in database 105038, 
624029, 5986, activity threshold, alreadyLoaded, 3, 3, 0, duplicate context already exists in database 105039, 
624029, 5986, number of replicates, alreadyLoaded, 2, 2, 0, duplicate context already exists in database 105040, 
624029, 5986, project lead name, alreadyLoaded, 1, 1, 0, duplicate context already exists in database 105041, 
624029, 5986, biology, alreadyLoaded, 2, 2, 0, duplicate context already exists in database 105031, 
624029, 5986, assay format, alreadyLoaded, 2, 2, 0, duplicate context already exists in database 105032, 
624029, 5986, assay component, success, 4, null, 4, null, 
624029, 5986, detection method type, alreadyLoaded, 2, 2, 0, duplicate context already exists in database 105034, 
624029, 5986, assay readout, alreadyLoaded, 3, 3, 0, duplicate context already exists in database 105035, 
624029, 5986, assay footprint, alreadyLoaded, 1, 1, 0, duplicate context already exists in database 105037, 
624029, 5986, measurement wavelength, alreadyLoaded, 2, 2, 0, duplicate context already exists in database 105038, 
624029, 5986, activity threshold, alreadyLoaded, 3, 3, 0, duplicate context already exists in database 105039, 
624029, 5986, number of replicates, alreadyLoaded, 2, 2, 0, duplicate context already exists in database 105040, 
624029, 5986, project lead name, alreadyLoaded, 1, 1, 0, duplicate context already exists in database 105041, 
